<?xml version="1.0" encoding="UTF-8" standalone="yes"?>
<Package version="1.0" xsi:schemaLocation="https://emsfs.autodesk.com/schema/manifest/1/0 https://emsfs.autodesk.com/schema/manifest/1/0/manifest.xsd" xmlns="https://emsfs.autodesk.com/schema/manifest/1/0" xmlns:xsi="http://www.w3.org/2001/XMLSchema-instance">
    <Identity>
        <Publisher>Autodesk, Inc.</Publisher>
        <DisplayName>Autodesk Installer</DisplayName>
        <PLC>ODIS</PLC>
        <Release>1.0</Release>
        <BuildNumber envvar="BUILDNUMBER">2.10.0.96</BuildNumber>
        <UPI2>{B65D9DB8-34D0-380F-AE33-D34722CF3E05}</UPI2>
        <UpgradeCode>{FFBE9067-BD34-3059-9A5F-D07D3AFBDA6B}</UpgradeCode>
        <ConstantId>{49C52A3B-35F1-4A04-8700-FEFEEA26307D}</ConstantId>
        <Signature>a18FtagUXrF7dS+uGyJ8nWsBDHGnaTUHQRUfbzQBV1c=</Signature>
        <Type>COM</Type>
    </Identity>
    <Resources/>
    <Configuration>
        <InstallFile type="EXE" contents="File" installParams="--mode unattended --useService %ADSK_ODIS_SERVICE_ENABLED%" file="ODIS/AdODIS-installer.exe"/>
        <AdditionalPackageInfo compressionAllowed="false"/>
        <Attributes diskCost="948013509" majorUpgrade="true" useLatestVersion="true" permanent="true"/>
        <Conditions>
            <Condition messageId="xx" state="INSTALLED"><![CDATA[
        ((%ADSK_IS_ODIS_INSTALLED% = 1) AND ((%ADSK_INSTALLED_ODIS_VERSION% >= 2.10.0.96) AND (NOT ((%OSI_ALWAYS_INSTALL% = 1) AND (%ADSK_INSTALLED_ODIS_VERSION% = 2.10.0.96)))))
      ]]></Condition>
            <Condition messageId="xx" state="NOT_APPLICABLE"><![CDATA[
        (%EXCLUDE_ODIS_INSTALL% CONTAINS true) OR (%INSTALL_MODE% CONTAINS "modify")
      ]]></Condition>
        </Conditions>
        <Platforms>
            <Platform name="Windows" architecture="x64" minVersion="10.0"/>
        </Platforms>
        <Languages languageNeutral="true"/>
        <Properties>
            <Property property="OSI_ALWAYS_INSTALL" useParentValue="true" defaultValue="0"/>
        </Properties>
        <TimeoutInterval>540</TimeoutInterval>
    </Configuration>
    <Payload sizePacked="317872128" sizeUnpacked="317870496">
        <File checkSum="D853979FB94BE54A2AF45B1DA32D67D83EE224090C4C14C165C2AD9A0255490D" sizePacked="317872128" sizeUnpacked="317870496">NetSWDLD/ODIS/prd/1.0/ODIS/B65D9DB8-34D0-380F-AE33-D34722CF3E05/pkg.odis.tar</File>
    </Payload>
</Package>
