<?xml version="1.0" encoding="UTF-8" standalone="yes"?>
<Package version="1.0" xsi:schemaLocation="https://emsfs.autodesk.com/schema/manifest/1/0 https://emsfs.autodesk.com/schema/manifest/1/0/manifest.xsd" xmlns="https://emsfs.autodesk.com/schema/manifest/1/0" xmlns:xsi="http://www.w3.org/2001/XMLSchema-instance">
    <Identity>
        <Publisher>Autodesk, Inc.</Publisher>
        <DisplayName>Geospatial Coordinate Systems</DisplayName>
        <PLC>ACD</PLC>
        <Release>2025</Release>
        <BuildNumber>15.0.9.0</BuildNumber>
        <UPI2>{51BC20D4-AABE-3DC9-BA09-693BC04CA7F1}</UPI2>
        <UpgradeCode>{22A5788C-B847-3FFF-8E56-E960990A3572}</UpgradeCode>
        <ConstantId>{80C2D7C5-C235-3785-AE2C-A0375220A78A}</ConstantId>
        <Signature>XseK7MdaPPpbiYI+stqbkUr6L0qmQ+YJBz8/9dP879g=</Signature>
        <Type>COM</Type>
    </Identity>
    <Configuration>
        <InstallFile type="ADIX" contents="Folder" file="x64/spatialreference/spatialreference.adix"/>
        <AdditionalPackageInfo identifier="{A75143D9-150-4EF8-A661-9CD3092E384B}" upgrade="{A75143D9-150-4EF8-A661-9CD3092E384B}" version="15.0.9.0" installLocation="%PROGRAMDATA%\Autodesk\Geospatial Coordinate Systems 15.00\"/>
        <Attributes diskCost="463766292" majorUpgrade="true" useLatestVersion="true" downgrade="false"/>
        <Platforms>
            <Platform name="Windows" architecture="x64" minVersion="10.0.17763" useNTVersion="true"/>
        </Platforms>
        <Languages languageNeutral="true"/>
        <LogFilePath>%tmp%/Geospatial_Coordinate_Systems</LogFilePath>
    </Configuration>
    <Payload sizePacked="463780024" sizeUnpacked="463816284">
        <File checkSum="C49196768D919F0B3D367D0B0B21A269C4638181A6595A0E11E154D0AF7BF8C5" sizePacked="463768064" sizeUnpacked="463766292">NetSWDLD/ODIS/prd/2025/ACD/51BC20D4-AABE-3DC9-BA09-693BC04CA7F1/pkg.spatialreference0.tar</File>
        <File checkSum="A2E77646A4AD5E9022528F9D57773DC887F84354373318BD16959559AC1CD149" sizePacked="11960" sizeUnpacked="49992">NetSWDLD/ODIS/prd/2025/ACD/51BC20D4-AABE-3DC9-BA09-693BC04CA7F1/pkg.spatialreference1.tar.xz</File>
    </Payload>
</Package>
