<?xml version="1.0" encoding="UTF-8" standalone="no"?>
<Package xmlns="https://emsfs.autodesk.com/schema/manifest/1/0" version="1.0">
   <Identity>
      <Publisher thirdParty="true">Microsoft, Inc.</Publisher>
      <DisplayName>.NET Framework Runtime 4.8</DisplayName>
      <BuildNumber>4.8.3928.0</BuildNumber>
      <UPI2>{8A2C37AC-AD7E-3DF8-A22D-9DC8D45F7942}</UPI2>
      <UpgradeCode>{1EA91221-20E9-370E-8754-EAB3FA108D71}</UpgradeCode>
      <ConstantId>{7E816241-41AF-4A8E-8720-FFE16B687F54}</ConstantId>
      <Signature>Ed7QgOvS1AWQrOvKWf1jLRP0dDeeZRvAC5gzgEOMc+M=</Signature>
      <Revision>10</Revision>
   </Identity>
   <Configuration>
      <InstallFile contents="File" file="3rdParty/dotNetFramework/48/dotNetFx48_Full_x86_x64.exe" installParams="/q /norestart" type="EXE">
        <InstallSuccessCodes>
                <SuccessCode>5100</SuccessCode>
        </InstallSuccessCodes>
       </InstallFile>
      <Attributes diskCost="80000000" ignoreFailure="true" permanent="true" useLatestVersion="true"/>
      <Conditions>
         <Condition messageId="xx" state="INSTALLED">( 528039 &lt; %NET_FRAMEWORK_RELEASE% )</Condition>
      </Conditions>
      <Platforms>
         <Platform architecture="x64" minVersion="8.1" name="Windows"/>
         <Platform architecture="x86" minVersion="8.1" name="Windows"/>
      </Platforms>
      <Languages languageNeutral="true"/>
      <Properties>
         <Property property="NET_FRAMEWORK_RELEASE">
            <RegistrySearch id="DotnetVerify" key="SOFTWARE\Microsoft\NET Framework Setup\NDP\v4\Full" name="Release" root="HKLM"/>
         </Property>
      </Properties>
   </Configuration>
   <Payload sizePacked="117259896" sizeUnpacked="117380440">
      <File checkSum="63631A0D489307D0DAB3D73E7865B93DE802D5EEAC838990EBB654ED150406A1" sizePacked="117259896" sizeUnpacked="117380440">NetSWDLD/ODIS/prd/thirdparty/microsoftinc/netframeworkruntime48/8A2C37AC-AD7E-3DF8-A22D-9DC8D45F7942/pkg.dotnet48.tar.xz</File>
   </Payload>
</Package>
