<?xml version="1.0" encoding="UTF-8" standalone="yes"?>
<Package xmlns="https://emsfs.autodesk.com/schema/manifest/1/0" xmlns:xsi="http://www.w3.org/2001/XMLSchema-instance" version="1.0" xsi:schemaLocation="https://emsfs.autodesk.com/schema/manifest/1/0 https://emsfs.autodesk.com/schema/manifest/1/0/manifest.xsd">
  <Identity>
    <Publisher>Autodesk, Inc.</Publisher>
    <DisplayName>Autodesk CER Service 7.1.2</DisplayName>
    <PLC>CERCLIENT</PLC>
    <Release>1.0</Release>
    <BuildNumber>7.1.2.840</BuildNumber>
    <UPI2>{6215A5C8-CDD9-478C-B699-67FCF4E898BF}</UPI2>
    <UpgradeCode>{10CCBFDC-3B28-375A-AF40-54C1A75DB309}</UpgradeCode>
    <ConstantId>{7F1B62E5-CBB0-4F05-ACB2-0A63F50550C7}</ConstantId>
    <Signature>te3HlSmRvkweGXT/nhaXxZ9/XfqD5s/HmGvZHzpj4Tw=</Signature>
    <Revision>5</Revision>
    <Type>COM</Type>
  </Identity>
  <Resources>
    <Images>
      <Image id="ProductThumbUrl">https://stg-manage.autodesk.com/cep/img/badges/generic-prodserv.png</Image>
    </Images>
    <LocalizedDescriptions>https://up1.autodesk.com/1.0/CERCLIENT/6215A5C8-CDD9-478C-B699-67FCF4E898BF/descriptions.json</LocalizedDescriptions>
    <ReleaseNotes>https://up1.autodesk.com/1.0/CERCLIENT/6215A5C8-CDD9-478C-B699-67FCF4E898BF/releaseNotes.json</ReleaseNotes>
  </Resources>
  <Configuration>
    <InstallFile contents="File" file="x64/CER/cer.msi" installParams="" type="MSI"/>
    <AdditionalPackageInfo identifier="{1DE5A545-756A-4CEE-9BFC-B3A50404D7BA}" upgrade="{61C803F8-A142-49EA-826B-C6E1CFB4B098}" version="7.1.2.840"/>
    <Attributes diskCost="53461200" legacy="false" majorUpgrade="true" restricted="false" useLatestVersion="true"/>
    <Platforms>
      <Platform architecture="x64" minVersion="10.0.17763" name="Windows" useNTVersion="true"/>
    </Platforms>
    <Languages languageNeutral="true"/>
    <AutoUpdate enabled="true" priority="standard"/>
  </Configuration>
  <Dependencies>
    <Package external="true" installAs="core" installLatestVersion="true" name="VCRedist2022x64" path="3rdParty/x64/VCRedist/2022/pkg.vcredist2022x64.xml" permanent="true" upgradeCode="{599FAF62-5786-4D71-B461-6CC013D3F045}" upi2="{B8384B24-6173-4F61-9875-95C91ACF5525}"/>
    <Package external="true" installAs="core" installLatestVersion="true" name="WebView2" path="3rdParty/x64/WebView2/pkg.webview2.xml" permanent="true" upgradeCode="{3370AB5E-FBC7-341A-85A3-07203A798518}" upi2="{785AA7CB-1833-3436-A7F1-A5C9D45AD28E}"/>
  </Dependencies>
  <Payload sizePacked="20591504" sizeUnpacked="20824064">
    <File checkSum="F1B78AEAFF677D5421F6F9110CA39EF034563E8A22F7370BD91610C0A4945F90" sizePacked="20591504" sizeUnpacked="20824064">NetSWDLD/ODIS/prd/1.0/CERCLIENT/6215A5C8-CDD9-478C-B699-67FCF4E898BF/pkg.cer.tar.xz</File>
  </Payload>
</Package>
