<?xml version="1.0" encoding="UTF-8" standalone="yes"?>
<Package version="1.0" xsi:schemaLocation="https://emsfs.autodesk.com/schema/manifest/1/0 https://emsfs.autodesk.com/schema/manifest/1/0/manifest.xsd" xmlns="https://emsfs.autodesk.com/schema/manifest/1/0" xmlns:xsi="http://www.w3.org/2001/XMLSchema-instance">
    <Identity>
        <Publisher>Autodesk, Inc.</Publisher>
        <DisplayName>AutoCAD Shared 2025</DisplayName>
        <PLC>ACD</PLC>
        <Release>2025</Release>
        <BuildNumber>25.0.58.0</BuildNumber>
        <UPI2>{49B29509-57BA-366F-84CE-27D1E6D14B83}</UPI2>
        <UpgradeCode>{FF5F13D3-1692-3DF4-90CB-21888987B5C5}</UpgradeCode>
        <ConstantId>{9B9F954D-F3B5-357C-ACE0-86592FEDABBA}</ConstantId>
        <Signature>m6hurAc1b02DFNb+MmgbNmM/FWNBY8mhfjm42bENxr8=</Signature>
        <Type>COM</Type>
    </Identity>
    <Resources/>
    <Configuration>
        <InstallFile type="ADIX" contents="Folder" file="x64/acadshared/acadshared.adix"/>
        <AdditionalPackageInfo identifier="{28B89EEF-8101-0000-4102-CF3F3A09B77D}" upgrade="{28B89EEE-8101-0000-4102-CF3F3A09B77D}" version="25.0.58.0" installLocation="%ACAD_INSTALL_PATH%">
            <Customizations>
                <InstallPathMappings>
                    <InstallPathMapping source="[{ProgramFilesX64}]\Autodesk\AutoCAD 2025\" target="%ACAD_INSTALL_PATH%"/>
                </InstallPathMappings>
            </Customizations>
        </AdditionalPackageInfo>
        <Attributes diskCost="243566064" majorUpgrade="true" downgrade="false"/>
        <Platforms>
            <Platform name="Windows" architecture="x64" minVersion="10.0.17763" useNTVersion="true"/>
        </Platforms>
        <Languages languageNeutral="true"/>
        <LogFilePath>%tmp%/Autodesk_AutoCAD_Shared_Core</LogFilePath>
    </Configuration>
    <Payload sizePacked="103441052" sizeUnpacked="104563235">
        <File checkSum="5D9AC59C24C629C5B78070CE4D365B065120625BF2CEA89EC3810D08F3A1F6CE" sizePacked="103369728" sizeUnpacked="103368015">NetSWDLD/ODIS/prd/2025/ACD/49B29509-57BA-366F-84CE-27D1E6D14B83/pkg.acadshared0.tar</File>
        <File checkSum="C61A0E199A4A3A1CB31FA921A812D11F8CF42EA00D8A23A58F452CFCEAD7F5A3" sizePacked="71324" sizeUnpacked="1195220">NetSWDLD/ODIS/prd/2025/ACD/49B29509-57BA-366F-84CE-27D1E6D14B83/pkg.acadshared1.tar.xz</File>
    </Payload>
</Package>
