<?xml version="1.0" encoding="UTF-8" standalone="yes"?>
<Package xmlns="https://emsfs.autodesk.com/schema/manifest/1/0" xmlns:xsi="http://www.w3.org/2001/XMLSchema-instance" version="1.0" xsi:schemaLocation="https://emsfs.autodesk.com/schema/manifest/1/0 https://emsfs.autodesk.com/schema/manifest/1/0/manifest.xsd">
  <Identity>
    <Publisher thirdParty="true">Microsoft, Inc.</Publisher>
    <DisplayName>.NET Windows Desktop Runtime 8.0.11 (x64)</DisplayName>
    <BuildNumber>8.0.11.34221</BuildNumber>
    <UPI2>{3A7132DF-0A06-45FE-8374-689A161FF78A}</UPI2>
    <UpgradeCode>{3C7FF67F-EF42-48E5-9BF9-F25798A51B7E}</UpgradeCode>
    <ConstantId>{9DB26874-91A5-42E4-A0ED-8C20801D4504}</ConstantId>
    <Signature>WcEGcsiAMI8rkUQbyfCLnW9IkpoL9cPpTYsWHTr/q5Q=</Signature>
    <Revision>2</Revision>
  </Identity>
  <Configuration>
    <InstallFile contents="File" file="3rdParty/x64/dotNet/80/windowsdesktop-runtime-8.0.11-win-x64.exe" installParams="/install /quiet /norestart" type="EXE">
      <InstallSuccessCodes>
        <SuccessCode>5100</SuccessCode>
        <SuccessCode>1638</SuccessCode>
      </InstallSuccessCodes>
    </InstallFile>
    <AdditionalPackageInfo/>
    <Attributes diskCost="80000000" ignoreFailure="true" majorUpgrade="true" permanent="true" useLatestVersion="true"/>
    <Platforms>
      <Platform architecture="x64" minVersion="8.1" name="Windows"/>
    </Platforms>
    <Languages languageNeutral="true"/>
  </Configuration>
  <Payload sizePacked="58208548" sizeUnpacked="58495680">
    <File checkSum="A9B119519C6919A8B547CECC1DA57BB9CD1A30CE6D038FCEB61A4CF8B77DEEA3" sizePacked="58208548" sizeUnpacked="58495680">NetSWDLD/ODIS/prd/thirdparty/microsoftinc/netwindowsdesktopruntime8011x64/3A7132DF-0A06-45FE-8374-689A161FF78A/pkg.dotnet80.tar.xz</File>
  </Payload>
</Package>
