<?xml version="1.0" encoding="UTF-8" standalone="yes"?>
<Package xmlns="https://emsfs.autodesk.com/schema/manifest/1/0" xmlns:xsi="http://www.w3.org/2001/XMLSchema-instance" version="1.0" xsi:schemaLocation="">
  <Identity>
    <Publisher>Autodesk, Inc.</Publisher>
    <DisplayName>AutoCAD 2025.1.1 Update 64-Bit</DisplayName>
    <PLC>ACD</PLC>
    <Release>2025</Release>
    <BuildNumber>25.0.154.0</BuildNumber>
    <UPI2>{D5072997-A975-3C4B-B1BB-9CFE97704608}</UPI2>
    <UpgradeCode>{4AF3F4E5-6318-3CE7-88E0-157D1B125357}</UpgradeCode>
    <ConstantId>{4F8FF91D-C791-3FF7-B1BE-6ADAC6C79F26}</ConstantId>
    <Signature>8kc1V+oEPAq/kCMSg5hsEMCX6ySA26I9bMewy5OO2cE=</Signature>
    <Revision>6</Revision>
    <Type>UPD</Type>
    <UpdateType>UP</UpdateType>
  </Identity>
  <Resources>
    <Images>
      <Image id="ProductThumbUrl">https://emsfs.autodesk.com/2023/BADGES/ACD_2023_BADGE_36X36.png</Image>
    </Images>
    <LocalizedDescriptions>https://up1.autodesk.com/2025/ACD/D5072997-A975-3C4B-B1BB-9CFE97704608/descriptions.json</LocalizedDescriptions>
    <ReleaseNotes>https://up1.autodesk.com/2025/ACD/D5072997-A975-3C4B-B1BB-9CFE97704608/releaseNotes.json</ReleaseNotes>
  </Resources>
  <Configuration>
    <InstallFile contents="File" file="AutoCAD_2025.1.1_Update.exe" installParams="-y -s -nr -o &quot;%ADSK_ODIS_METADATA_BASE_LOCATION%\extract\{FEAB857C-6518-4BC5-A12C-2DD0E492A873}&quot;" type="EXE"/>
    <AdditionalPackageInfo reservedDiskCost="3689080207" suppressUPI2="true" updateBundleUPI2="{1E589FB6-3657-379E-8EA1-53B5325441B5}" updatePackage="true"/>
    <Attributes diskCost="1410890363" installContext="ALLUSERS" legacy="false" majorUpgrade="false" restricted="true" update="true"/>
    <Conditions>
      <Condition messageId="xx" state="AUTOUPDATE_READY"><![CDATA[NOT(%ADSK_RUNNING_PROC_LIST% CONTAINS acad.exe) AND NOT(%ADSK_RUNNING_PROC_LIST% CONTAINS "AcEventSync.exe") AND NOT(%ADSK_RUNNING_PROC_LIST% CONTAINS "AcQMod.exe")]]></Condition>
      <Condition messageId="AcadStillRunning" state="RUNNING"><![CDATA[(%ADSK_RUNNING_PROC_LIST% CONTAINS acad.exe)]]></Condition>
      <Condition messageId="ProductName" state="NOT_APPLICABLE" type="PREREQUISITE"><![CDATA[(%ACAD_CORE_INSTALLED_VER% = 0 OR %ACAD_CORE_INSTALLED_VER% < 25.0.58.0)]]></Condition>
    </Conditions>
    <Platforms>
      <Platform architecture="x64" minVersion="10.0.17763" name="Windows" useNTVersion="true"/>
    </Platforms>
    <Languages>
      <Language langId="en-US"/>
      <Language langId="zh-CN"/>
      <Language langId="ja-JP"/>
      <Language langId="de-DE"/>
      <Language langId="cs-CZ"/>
      <Language langId="es-ES"/>
      <Language langId="fr-FR"/>
      <Language langId="hu-HU"/>
      <Language langId="it-IT"/>
      <Language langId="ko-KR"/>
      <Language langId="pl-PL"/>
      <Language langId="pt-BR"/>
      <Language langId="ru-RU"/>
      <Language langId="zh-TW"/>
    </Languages>
    <Properties>
      <Property defaultValue="%INSTALL_DEST%\AutoCAD 2025\" property="ACAD_INSTALL_PATH">
        <RegistrySearch id="SearchInstallLocation" key="SOFTWARE\Autodesk\AutoCAD\R25.0\InstalledProducts" name="" root="HKLM"/>
      </Property>
      <Property defaultValue="" property="ADSK_PREVIOUS_INSTALLED_LOCATION">
        <RegistrySearch id="SearchInstallLocation" key="SOFTWARE\Autodesk\AutoCAD\R25.0\InstalledProducts" name="" root="HKLM"/>
      </Property>
      <Property defaultValue="0" property="ACAD_CORE_INSTALLED_VER" refreshRequired="false">
        <InstallDBSearch key="VERSION" type="PACKAGE" upgradeCode="{DC74F5E1-CA24-3AF7-92EF-B2C3CC7F9A6E}"/>
      </Property>
    </Properties>
    <CustomCommands>
      <Action params="--manifest &quot;%ADSK_ODIS_METADATA_BASE_LOCATION%\extract\{FEAB857C-6518-4BC5-A12C-2DD0E492A873}\setup.xml&quot; --install_mode install --mount_point &quot;%ADSK_ODIS_METADATA_BASE_LOCATION%\extract\{FEAB857C-6518-4BC5-A12C-2DD0E492A873}&quot; --delegate_type DELEGATE_UPDATE_PACKAGE --silent --offline_mode --trigger_point local" path="%ADSK_ODIS_INSTALL_LOCATION%\Installer.exe" type="postInstall"/>
      <Action params="--manifest &quot;%ADSK_ODIS_METADATA_BASE_LOCATION%\metadata\{1E589FB6-3657-379E-8EA1-53B5325441B5}\bundleManifest.xml&quot; --install_mode uninstall --delegate_type DELEGATE_UPDATE_PACKAGE --silent" path="%ADSK_ODIS_INSTALL_LOCATION%\Installer.exe" type="preUninstall"/>
    </CustomCommands>
    <AutoUpdate enabled="true" scheduled="true">
      <MonitorProcessList displayName="AutoCAD">
        <Path>acad.exe</Path>
        <Path>%ProgramFiles%\Autodesk\AutoCAD Activity Insights\AcEventSync.exe</Path>
        <Path>%ProgramFiles%\Autodesk\AutoCAD Activity Insights\AcQMod.exe</Path>
      </MonitorProcessList>
    </AutoUpdate>
  </Configuration>
  <Payload sizePacked="1410900896" sizeUnpacked="1410900896">
    <File checkSum="4a993e46ffea2f102f4aad8a5863b937bb0dcc371a453ab7d26b916d9cfba3cb" sizePacked="1410900896" sizeUnpacked="1410900896">https://up1.autodesk.com/NetSWCOM/prd/2025/ACD/D5072997-A975-3C4B-B1BB-9CFE97704608/AutoCAD_2025.1.1_Update.exe</File>
  </Payload>
  <Supersedes>
    <Package upi2="{653663EB-2D60-3B4F-AD5B-A6D7DD9D631A}"/>
  </Supersedes>
</Package>
