<?xml version="1.0" encoding="UTF-8" standalone="yes"?>
<Package version="1.0" xsi:schemaLocation="https://emsfs.autodesk.com/schema/manifest/1/0 https://emsfs.autodesk.com/schema/manifest/1/0/manifest.xsd" xmlns="https://emsfs.autodesk.com/schema/manifest/1/0" xmlns:xsi="http://www.w3.org/2001/XMLSchema-instance">
    <Identity>
        <Publisher>Autodesk, Inc.</Publisher>
        <DisplayName>Autodesk Material Library Base Resolution Image Library 4</DisplayName>
        <PLC>PLC0000014</PLC>
        <Release>2024</Release>
        <BuildNumber envvar="prd_ver">4.1.0.3</BuildNumber>
        <UPI2>{F8AA36A8-02CD-31BF-AA5B-DE5AD3922635}</UPI2>
        <UpgradeCode>{9798C662-A0A8-3034-82FF-D67CC6DF34E8}</UpgradeCode>
        <ConstantId>{3E1CE334-EF7D-4180-BFEE-DA57EC1862F1}</ConstantId>
        <Signature>QPULLDtYIusQMu9vISeZiFhAY3WbXKWv8IYH4HvYl3g=</Signature>
        <Type>COM</Type>
    </Identity>
    <Resources/>
    <Configuration>
        <InstallFile type="ADIX" contents="File" file="Content/ADSKMaterials/ILB/BaseImageLibrary4.adix"/>
        <AdditionalPackageInfo>
            <Customizations>
                <InstallPathMappings>
                    <InstallPathMapping source="[{ProgramFilesCommonX64}]" target="%COMMONPROGRAMFILES%"/>
                </InstallPathMappings>
            </Customizations>
        </AdditionalPackageInfo>
        <Attributes diskCost="73379840" majorUpgrade="true" ignoreFailure="true" permanent="false"/>
        <Platforms>
            <Platform name="Windows" architecture="x64" minVersion="5.1.2"/>
        </Platforms>
        <Languages>
            <Language langId="cs-CZ"></Language>
            <Language langId="de-DE"></Language>
            <Language langId="en-US"></Language>
            <Language langId="es-ES"></Language>
            <Language langId="fr-FR"></Language>
            <Language langId="it-IT"></Language>
            <Language langId="ja-JP"></Language>
            <Language langId="ko-KR"></Language>
            <Language langId="pl-PL"></Language>
            <Language langId="pt-BR"></Language>
            <Language langId="ru-RU"></Language>
            <Language langId="zh-CN"></Language>
            <Language langId="zh-TW"></Language>
        </Languages>
        <LogFilePath>%TEMP%/BaseImageLibrary4.log</LogFilePath>
    </Configuration>
    <Payload sizePacked="73596928" sizeUnpacked="73594296">
        <File checkSum="4856E1FF2D63237E3113D6C25E79F04FE2DBA50A3FD88CDF3FC33D81ED60D66F" sizePacked="73596928" sizeUnpacked="73594296">NetSWDLD/ODIS/prd/2024/PLC0000014/F8AA36A8-02CD-31BF-AA5B-DE5AD3922635/pkg.baseimagelibrary4.tar</File>
    </Payload>
</Package>
