<?xml version="1.0" encoding="UTF-8" standalone="yes"?>
<Package version="1.0" xsi:schemaLocation="https://emsfs.autodesk.com/schema/manifest/1/0 https://emsfs.autodesk.com/schema/manifest/1/0/manifest.xsd" xmlns="https://emsfs.autodesk.com/schema/manifest/1/0" xmlns:xsi="http://www.w3.org/2001/XMLSchema-instance">
    <Identity>
        <Publisher>Autodesk, Inc.</Publisher>
        <DisplayName>Autodesk Access</DisplayName>
        <PLC>ACCESS</PLC>
        <Release>1.0</Release>
        <BuildNumber envvar="BUILDNUMBER">2.10.0.25</BuildNumber>
        <UPI2>{1EB42BDC-1445-35D1-96C6-3536A7A83A3B}</UPI2>
        <UpgradeCode>{A3158B3E-5F28-358A-BF1A-9532D8EBC811}</UpgradeCode>
        <ConstantId>{0AC1B55C-0B4E-4A39-9E00-F300E8D8EFEB}</ConstantId>
        <Signature>UMAtDMEJRNW0WOv9KH+ShZQk7lKWeJafY3SgDCHtbYI=</Signature>
        <Type>COM</Type>
    </Identity>
    <Resources/>
    <Configuration>
        <InstallFile type="EXE" contents="File" installParams="--mode unattended" file="x64/Access/AdAccess-installer.exe"/>
        <AdditionalPackageInfo>
            <uninstallCommand path="%ACCESS_INSTALLED_LOCATION%/RemoveAccess.exe" params="--mode unattended"/>
        </AdditionalPackageInfo>
        <Attributes diskCost="49004340" majorUpgrade="true" useLatestVersion="true" allowManualUninstall="true" arpIconPath="%ACCESS_INSTALLED_LOCATION%/RemoveAccess.exe" priority="standard" permanent="true"/>
        <Conditions>
            <Condition messageId="xx" state="INSTALLED"><![CDATA[
        (( %ACCESS_INSTALLED_VERSION% >= 2.10.0.25 ) AND (NOT (( %OSI_ALWAYS_INSTALL% = 1 ) AND  ( %ACCESS_INSTALLED_VERSION% = 2.10.0.25 ))))
      ]]></Condition>
            <Condition messageId="xx" state="NOT_APPLICABLE"><![CDATA[
        ( 1 = %ADSK_OEM_INSTALL%) 
      ]]></Condition>
            <Condition messageId="xx" state="NOT_APPLICABLE"><![CDATA[
        (( %INSTALL_MODE% CONTAINS modify ) AND ( 1 = %ACCESS_MANUAL_REMOVAL% )) 
      ]]></Condition>
            <Condition messageId="xx" state="NOT_APPLICABLE"><![CDATA[
         %ACCESS_INSTALL% = 0 
      ]]></Condition>
            <Condition messageId="xx" state="NOT_APPLICABLE"><![CDATA[
         %TRIGGER_POINT% CONTAINS access
      ]]></Condition>
            <Condition messageId="xx" state="AUTOUPDATE_READY"><![CDATA[
        (%ADSK_ACCESS_ACTIVE% CONTAINS false)
      ]]></Condition>
            <Condition messageId="xx" state="NOT_APPLICABLE"><![CDATA[
        ((%ADSK_TRUST_LEVEL% & 6) != 0)
      ]]></Condition>
        </Conditions>
        <Platforms>
            <Platform name="Windows" architecture="x64" minVersion="10.0"/>
        </Platforms>
        <Languages languageNeutral="true"/>
        <Properties>
            <Property property="ACCESS_INSTALLED_VERSION" defaultValue="">
                <RegistrySearch id="AccessVersionSearch" key="SOFTWARE\Autodesk\ODIS\Access" name="Version" root="HKLM"/>
            </Property>
            <Property property="ACCESS_INSTALLED_LOCATION" defaultValue="%ADSK_ODIS_INSTALL_LOCATION%/Access">
                <RegistrySearch id="AccessInstalledLocation" key="SOFTWARE\Autodesk\ODIS\Access" name="Location" root="HKLM"/>
            </Property>
            <Property property="ACCESS_MANUAL_REMOVAL" defaultValue="">
                <RegistrySearch id="AccessManualRemoval" key="SOFTWARE\Autodesk\ODIS\Access" name="AccessManualRemoval" root="HKLM"/>
            </Property>
            <Property property="OSI_ALWAYS_INSTALL" useParentValue="true" defaultValue="0"/>
            <Property property="ACCESS_INSTALL" defaultValue="1"/>
        </Properties>
        <AutoUpdate enabled="true"/>
    </Configuration>
    <Dependencies>
        <Package installAs="core" name="AdskIdentityManager" external="true" path="x64/AdskIdentityManager/pkg.identity_manager.xml" upi2="{07ADE4D6-B445-37C7-B3EC-CDE4FDB649BC}" upgradeCode="{450CBD12-1E14-3695-A4BD-F4DB32DC94E2}"/>
        <Package installAs="core" name="AdpSdk" external="true" path="x64/AdpSdk/pkg.adp-desktop-sdk.xml" upi2="{1BFAF339-E081-3EA1-899E-1C227C8D699E}" upgradeCode="{6F9B83D2-E570-3AF0-ABFE-948641FF0226}"/>
        <Package installAs="core" name="odis" external="true" path="ODIS/pkg.odis.xml" upi2="{FC7EAD69-D79E-3004-9983-E2796B2BA992}" upgradeCode="{FFBE9067-BD34-3059-9A5F-D07D3AFBDA6B}"/>
    </Dependencies>
    <Payload sizePacked="17908804" sizeUnpacked="23988184">
        <File checkSum="A8CEEEC23226D565214E9D1041AAE761203097A4AB82EAEB6B8053AAA4D3F330" sizePacked="17908804" sizeUnpacked="23988184">NetSWDLD/ODIS/prd/1.0/ACCESS/1EB42BDC-1445-35D1-96C6-3536A7A83A3B/pkg.access.tar.xz</File>
    </Payload>
</Package>
