<?xml version="1.0" encoding="UTF-8" standalone="yes"?>
<Package version="1.0" xsi:schemaLocation="https://emsfs.autodesk.com/schema/manifest/1/0 https://emsfs.autodesk.com/schema/manifest/1/0/manifest.xsd" xmlns="https://emsfs.autodesk.com/schema/manifest/1/0" xmlns:xsi="http://www.w3.org/2001/XMLSchema-instance">
    <Identity>
        <Publisher>Autodesk, Inc.</Publisher>
        <DisplayName>Autodesk Material Library 4</DisplayName>
        <PLC>PLC0000013</PLC>
        <Release>2024</Release>
        <BuildNumber envvar="prd_ver">4.1.0.3</BuildNumber>
        <UPI2>{4D3C08E7-12E9-37D9-87CD-0B06509709C1}</UPI2>
        <UpgradeCode>{1BFF436D-6EE3-367D-998E-F66E7F14EBB1}</UpgradeCode>
        <ConstantId>{746B8BE4-BC06-468B-83D2-FFABEA065E84}</ConstantId>
        <Signature>Ve4VGujsTP7jFKS6qTdbywPtAoe8kB4jAWrVH2Op5nM=</Signature>
        <Type>COM</Type>
    </Identity>
    <Resources/>
    <Configuration>
        <InstallFile type="ADIX" contents="File" file="Content/ADSKMaterials/CM/MaterialLibrary4.adix"/>
        <AdditionalPackageInfo>
            <Customizations>
                <InstallPathMappings>
                    <InstallPathMapping source="[{ProgramFilesCommonX64}]" target="%COMMONPROGRAMFILES%"/>
                </InstallPathMappings>
            </Customizations>
        </AdditionalPackageInfo>
        <Attributes diskCost="158023680" majorUpgrade="true" ignoreFailure="true" permanent="false"/>
        <Platforms>
            <Platform name="Windows" architecture="x64" minVersion="5.1.2"/>
        </Platforms>
        <Languages>
            <Language langId="cs-CZ"></Language>
            <Language langId="de-DE"></Language>
            <Language langId="en-US"></Language>
            <Language langId="es-ES"></Language>
            <Language langId="fr-FR"></Language>
            <Language langId="it-IT"></Language>
            <Language langId="ja-JP"></Language>
            <Language langId="ko-KR"></Language>
            <Language langId="pl-PL"></Language>
            <Language langId="pt-BR"></Language>
            <Language langId="ru-RU"></Language>
            <Language langId="zh-CN"></Language>
            <Language langId="zh-TW"></Language>
        </Languages>
        <LogFilePath>%TEMP%/MaterialLibrary4.log</LogFilePath>
    </Configuration>
    <Payload sizePacked="158692864" sizeUnpacked="158690052">
        <File checkSum="383C9C999AD0245E0BA9CAD06621B818FC62AC842C2D300C9A454CA561A45738" sizePacked="158692864" sizeUnpacked="158690052">NetSWDLD/ODIS/prd/2024/PLC0000013/4D3C08E7-12E9-37D9-87CD-0B06509709C1/pkg.materiallibrary4.tar</File>
    </Payload>
</Package>
