<?xml version="1.0" encoding="UTF-8" standalone="no"?>
<Package xmlns="https://emsfs.autodesk.com/schema/manifest/1/0" xmlns:xsi="http://www.w3.org/2001/XMLSchema-instance" version="1.0" xsi:schemaLocation="https://emsfs.autodesk.com/schema/manifest/1/0 https://emsfs.autodesk.com/schema/manifest/1/0/manifest.xsd">
    <Identity>
        <Publisher thirdParty="true">Microsoft, Inc.</Publisher>
        <DisplayName>.NET Framework Runtime 4.8 Language Pack (it-IT)</DisplayName>
        <BuildNumber>4.8.3928.0</BuildNumber>
        <UPI2>{1BC4DE18-5F81-393C-90FE-1E246F146DC0}</UPI2>
        <UpgradeCode>{6C1368F7-AD99-387C-9305-67F12DE47629}</UpgradeCode>
        <ConstantId>{C9DE31EA-1040-483B-B7CC-45BA081F3F59}</ConstantId>
        <Signature>3AL12PtnaYWejDr99i1OVmjUblMqdk3GXz9iQPHJ9IA=</Signature>
    <Revision>2</Revision>
</Identity>
    <Configuration>
        <InstallFile contents="File" file="3rdParty/dotNetFramework/48/dotNetFx48LP_Full_x86_x64_1040.exe" installParams="/q /norestart" type="EXE">
          <InstallSuccessCodes>
                <SuccessCode>5100</SuccessCode>
          </InstallSuccessCodes>
        </InstallFile>
        <Attributes diskCost="80000000" ignoreFailure="true" permanent="true" useLatestVersion="true"/>
        <Conditions>
            <Condition messageId="xx" state="INSTALLED"><![CDATA[( 528039 < %NET_FRAMEWORK4X_LP_1040_VER% )]]></Condition>
            <Condition messageId="xx" state="NOT_APPLICABLE"><![CDATA[( 0 > %MUILANGPACK_1040_INSTALLED%) ]]></Condition>
        </Conditions>
        <Platforms>
            <Platform architecture="x64" minVersion="8.1" name="Windows"/>
            <Platform architecture="x86" minVersion="8.1" name="Windows"/>
        </Platforms>
        <Languages languageNeutral="true"/>
        <Properties>
            <Property property="NET_FRAMEWORK4X_LP_1040_VER">
                <RegistrySearch id="DotnetVerify" key="SOFTWARE\Microsoft\NET Framework Setup\NDP\v4\Full\1040" name="Release" root="HKLM"/>
            </Property>
            <Property property="MUILANGPACK_1040_INSTALLED">
                <RegistrySearch id="MUI_LangPack_it-IT" key="SYSTEM\CurrentControlSet\Control\MUI\UILanguages\it-IT" name="LCID" root="HKLM"/>
            </Property>
        </Properties>
    </Configuration>
    <Dependencies>
        <Package installAs="core" name="DOTNET48FULL" path="3rdParty/dotNetFramework/48/pkg.dotnet48.xml" upgradeCode="{1EA91221-20E9-370E-8754-EAB3FA108D71}" upi2="{8A2C37AC-AD7E-3DF8-A22D-9DC8D45F7942}"/>
    </Dependencies>
    <Payload sizePacked="5695016" sizeUnpacked="5804464">
        <File checkSum="859C87D7D9475199661BC79A76A4EE55ABB551B97DD324B971448D675814DE7C" sizePacked="5695016" sizeUnpacked="5804464">NetSWDLD/ODIS/prd/thirdparty/microsoftinc/netframeworkruntime48languagepackitit/1BC4DE18-5F81-393C-90FE-1E246F146DC0/pkg.dotnet48_1040.tar.xz</File>
    </Payload>
</Package>
