<?xml version="1.0" encoding="UTF-8" standalone="yes"?>
<Package version="1.0" xsi:schemaLocation="https://emsfs.autodesk.com/schema/manifest/1/0 https://emsfs.autodesk.com/schema/manifest/1/0/manifest.xsd" xmlns="https://emsfs.autodesk.com/schema/manifest/1/0" xmlns:xsi="http://www.w3.org/2001/XMLSchema-instance">
    <Identity>
        <Publisher>Autodesk, Inc.</Publisher>
        <DisplayName>ACA &amp; MEP 2025 Object Enabler</DisplayName>
        <PLC>ARCHDESK</PLC>
        <Release>2025</Release>
        <BuildNumber>8.7.45.0</BuildNumber>
        <UPI2>{F2FB2079-20E5-392B-A1E6-2D80943A9E8A}</UPI2>
        <UpgradeCode>{5CA361FD-1BA7-3681-8C98-4FD433E682C0}</UpgradeCode>
        <ConstantId>{151BF1C9-B05E-4044-A414-732394BB0C72}</ConstantId>
        <Signature>V0a8u48M76tYZ+15BUHgdX45WgmTZ5vJcyY14DAFssw=</Signature>
    </Identity>
    <Resources/>
    <Configuration>
        <InstallFile type="ADIX" contents="Folder" file="x64/acaoe/acaoe.adix"/>
        <AdditionalPackageInfo identifier="{28B89EEF-8104-0000-5102-CF3F3A09B77D}" upgrade="{28B89EEE-8104-0000-5102-CF3F3A09B77D}" version="8.7.45.0">
            <Customizations>
                <InstallPathMappings>
                    <InstallPathMapping source="[{ProgramFilesX64}]\Autodesk\AutoCAD 2025\" target="%ACAD_INSTALL_PATH%"/>
                </InstallPathMappings>
            </Customizations>
        </AdditionalPackageInfo>
        <Attributes diskCost="45365283" majorUpgrade="true" downgrade="false"/>
        <Platforms>
            <Platform name="Windows" architecture="x64" minVersion="10.0.17763" useNTVersion="true"/>
        </Platforms>
        <Languages languageNeutral="true"/>
        <LogFilePath>%tmp%/Autodesk_AutoCAD_Architecture_OE</LogFilePath>
    </Configuration>
    <Payload sizePacked="18054192" sizeUnpacked="18095869">
        <File checkSum="863BA93CDE4655EAF6F77AC9C9C1B7E90E6DF27FA5725F61CD638F6045623F9F" sizePacked="18051072" sizeUnpacked="18049463">NetSWDLD/ODIS/prd/2025/ARCHDESK/F2FB2079-20E5-392B-A1E6-2D80943A9E8A/pkg.acaoe0.tar</File>
        <File checkSum="5B27A13F8398297091D73263B71630EC80FB07800E96BCF976730859BEE9D362" sizePacked="3120" sizeUnpacked="46406">NetSWDLD/ODIS/prd/2025/ARCHDESK/F2FB2079-20E5-392B-A1E6-2D80943A9E8A/pkg.acaoe1.tar.xz</File>
    </Payload>
</Package>
