<?xml version="1.0" encoding="UTF-8" standalone="yes"?>
<Package version="1.0" xsi:schemaLocation="https://emsfs.autodesk.com/schema/manifest/1/0 https://emsfs.autodesk.com/schema/manifest/1/0/manifest.xsd" xmlns="https://emsfs.autodesk.com/schema/manifest/1/0" xmlns:xsi="http://www.w3.org/2001/XMLSchema-instance">
    <Identity>
        <Publisher>Autodesk, Inc.</Publisher>
        <DisplayName>AutoCAD Architecture 2025 - Italiano (Italian)</DisplayName>
        <PLC>ARCHDESK</PLC>
        <Release>2025</Release>
        <BuildNumber>8.7.49.0</BuildNumber>
        <UPI2>{8C5CD38A-0E5E-41A7-A481-D9B0F8403DBB}</UPI2>
        <UpgradeCode>{5B41C17A-DF6B-36D1-8C07-D15E88B67F27}</UpgradeCode>
        <ConstantId>{9619709F-9BF9-4C3F-1BFA-FE8D8E7BA9BA}</ConstantId>
        <Signature>+6aPWqEZ1tHYCcr5uexcThl2MVvGXXAvt6KFbOFa8Qc=</Signature>
        <Type>APP</Type>
    </Identity>
    <Resources/>
    <Configuration>
        <InstallFile type="MSI" contents="Folder" installParams="ADSK_EULA_STATUS=#1" file="x64/it-IT/acaps/acaps.msi"/>
        <AdditionalPackageInfo identifier="{28B89EEF-8104-0410-2102-CF3F3A09B77D}" upgrade="{28B89EEE-8104-0410-2102-CF3F3A09B77D}" version="8.7.49.0" installLocation="%ACAD_INSTALL_PATH%">
            <MsiTransform>
                <MsiProperties>
                    <MsiProperty name="CD_SHARED_FOLDERS" value="%CD_SHARED_FOLDERS%"/>
                    <MsiProperty name="CONTENTPATH" value="%CONTENT_PATH%"/>
                    <MsiProperty name="CP_SELECTED" value="%ACA_ITA%%ADD_CONTENT%"/>
                    <MsiProperty name="CBL_FILEPATHCK" value="%MODIFYCBL_FILEPATHCK%"/>
                    <MsiProperty name="CBL_FILEPATH" value="%CBL_FILEPATHIT%"/>
                    <MsiProperty name="ACAMEP_DESKTOPSHORTCUT_CHECK" value="%ACAMEP_DESKTOPSHORTCUT_CHECK%"/>
                    <MsiProperty name="IS_DEPLOYMENT" value="%IS_DEPLOYMENT%"/>
                    <MsiProperty name="DEFPROFILENAME" value="AutoCAD Architecture (unità di misura metriche US)"/>
                    <MsiProperty name="CP_SHORTCUT" value="%DEFAULT_SHORTCUTS%%ADD_CONTENT%"/>
                    <MsiProperty name="SECURELOAD" value="%SECURELOAD%"/>
                    <MsiProperty name="ACADProfile_TrustedPaths" value="%ACADProfile_TrustedPaths%"/>
                    <MsiProperty name="ACADLspAsDoc" value="%ACADLspAsDoc%"/>
                    <MsiProperty name="ACADDEFAULTPROFILENAME" value="%ACADDEFAULTPROFILENAME%"/>
                    <MsiProperty name="ACAD_USE_ONLINE_CONTENT" value="%ACAD_USE_ONLINE_CONTENT%"/>
                    <MsiProperty name="ACAD_ENABLE_SEND_PC_NAME" value="%ACAD_ENABLE_SEND_PC_NAME%"/>
                    <MsiProperty name="ACAD_ENABLE_ROUNDTRIP" value="%ACAD_ENABLE_ROUNDTRIP%"/>
                    <MsiProperty name="CUSTOM_PROFILE" value="%CUSTOM_PROFILE%"/>
                    <MsiProperty name="STANDALONE_LP" value="%STANDALONE_LP%"/>
                    <MsiProperty name="ODIS_INSTALL_MODE" value="%INSTALL_MODE%"/>
                    <MsiProperty name="ODIS_LANGUAGE_CODE" value="%LANGUAGE_CODE%"/>
                    <MsiProperty name="ODIS_SILENT" value="%SILENT%"/>
                    <MsiProperty name="ODIS_TRIAL_MODE" value="%TRIAL_MODE%"/>
                    <MsiProperty name="ODIS_TRIGGER_POINT" value="%TRIGGER_POINT%"/>
                    <MsiProperty name="ODIS_UI_MODE" value="%UI_MODE%"/>
                    <MsiProperty name="NIWSELECTION" value="%NIWSELECTION%"/>
                    <MsiProperty name="ACOMP_EXPRESS_TOOLS" value="%ACOMP_EXPRESS_TOOLS%"/>
                    <MsiProperty name="ACOMP_MIGRATE" value="%ACOMP_MIGRATE%"/>
                </MsiProperties>
            </MsiTransform>
        </AdditionalPackageInfo>
        <Attributes diskCost="1415589916"/>
        <Platforms>
            <Platform name="Windows" architecture="x64" minVersion="10.0.17763" useNTVersion="true"/>
        </Platforms>
        <Languages>
            <Language langId="it-IT"></Language>
        </Languages>
        <CustomCommands>
            <Action path="%INSTALL_SOURCE%\x64\it-IT\acaps\AcInstCfg.exe" params="--PRD 8104 --LAN 0410 --CFG &quot;%INSTALL_SOURCE%\CustomUserFiles\CUSTOM_PROFILE&quot;" type="postInstall"/>
        </CustomCommands>
        <LaunchShortcut exePath="AutoCAD 2025/acad.exe" params="/ld &quot;%INSTALLDIR%/AecBase.dbx&quot; /p &quot;AutoCAD Architecture (unità di misura metriche US)&quot; /product ACA /language it-IT"/>
        <LogFilePath>%tmp%/Autodesk_AutoCAD_Architecture_PSPack_it-IT</LogFilePath>
    </Configuration>
    <Dependencies>
        <Package installAs="core" name="AutoCAD Architecture 2025" external="true" path="x64/acapv/pkg.acapv.xml" upi2="{AE034F8E-6E53-47A1-8FF0-7FE7DCC50FE0}" upgradeCode="{7325D5EA-137C-3C43-9974-673DF2FEC210}"/>
        <Package installAs="core" name="AutoCAD Architecture 2025 Language Core - Italiano (Italian)" external="false" path="x64/it-IT/acalp/pkg.acalp.xml" upi2="{9D0D92D5-1812-37B6-8225-80E13A451E02}" upgradeCode="{4C069DD8-1DF4-342A-A03F-AE2537122941}"/>
        <Package installAs="core" name="AutoCAD Architecture 2025 Language Shared - Italiano (Italian)" external="false" path="x64/it-IT/acalpshared/pkg.acalpshared.xml" upi2="{116D2C4E-03E4-3CAC-B8EB-2A568CDCBF58}" upgradeCode="{5D8A4AAE-37DE-3F70-9EBB-F134824331F6}"/>
        <Package installAs="core" name="Autodesk AutoCAD 2025 - Italiano (Italian)" external="true" path="x64/it-IT/acadlp/pkg.acadlp.xml" upi2="{B64D74AA-7B74-3B62-8561-10F4A6C3798B}" upgradeCode="{AC5F36B8-02C1-3D1A-B4C4-D1D790E08A24}"/>
        <Package installAs="core" name="Autodesk AutoCAD Shared 2025 - Italiano (Italian)" external="true" path="x64/it-IT/acadsharedlp/pkg.acadsharedlp.xml" upi2="{6077B78C-7B69-3B16-95E8-A1FAC947BC15}" upgradeCode="{06819994-7456-3017-92B7-A0FDA146AB86}"/>
    </Dependencies>
    <Payload sizePacked="593928136" sizeUnpacked="629460040">
        <File checkSum="1482DFE60D9F27D68E8696DD63A070322345BC2264F256F9881831E00F01C950" sizePacked="6625792" sizeUnpacked="6622164">NetSWDLD/ODIS/prd/2025/ARCHDESK/8C5CD38A-0E5E-41A7-A481-D9B0F8403DBB/pkg.acaps0.tar</File>
        <File checkSum="3E79A1F0A8FB0B656A6FCBD0769419C3583858CE6E4EA09BDD33C52FCBE15016" sizePacked="587302344" sizeUnpacked="622837876">NetSWDLD/ODIS/prd/2025/ARCHDESK/8C5CD38A-0E5E-41A7-A481-D9B0F8403DBB/pkg.acaps1.tar.xz</File>
    </Payload>
</Package>
