<?xml version="1.0" encoding="UTF-8" standalone="yes"?>
<Package version="1.0" xsi:schemaLocation="https://emsfs.autodesk.com/schema/manifest/1/0 https://emsfs.autodesk.com/schema/manifest/1/0/manifest.xsd" xmlns="https://emsfs.autodesk.com/schema/manifest/1/0" xmlns:xsi="http://www.w3.org/2001/XMLSchema-instance">
    <Identity>
        <Publisher>Autodesk, Inc.</Publisher>
        <DisplayName>AutoCAD 2025 - Italiano (Italian)</DisplayName>
        <PLC>ACD</PLC>
        <Release>2025</Release>
        <BuildNumber>25.0.58.0</BuildNumber>
        <UPI2>{4525F13B-D307-4514-A1E7-34D4012ED77F}</UPI2>
        <UpgradeCode>{71037DCF-3F33-3662-AF9A-B726984B0DF5}</UpgradeCode>
        <ConstantId>{7DB680EC-AB58-4EDF-ACCA-C0F605AEBE54}</ConstantId>
        <Signature>U61h81w6UE1Ti+cM0oUoTpmAcumvxzPZmVzcOW70X5k=</Signature>
        <Type>APP</Type>
    </Identity>
    <Resources/>
    <Configuration>
        <InstallFile type="MSI" contents="Folder" installParams="ADSK_EULA_STATUS=#1" file="x64/it-IT/acadps/acadps.msi"/>
        <AdditionalPackageInfo identifier="{28B89EEF-8101-0410-2102-CF3F3A09B77D}" upgrade="{28B89EEE-8101-0410-2102-CF3F3A09B77D}" version="25.0.58.0" installLocation="%ACAD_INSTALL_PATH%">
            <MsiTransform>
                <MsiProperties>
                    <MsiProperty name="SUPPORT_CONTENT_ROOT" value="%SUPPORT_CONTENT_ROOT%"/>
                    <MsiProperty name="SUPPORT_CONTENT_CUSTOM_PATH" value="%SUPPORT_CONTENT_CUSTOM_PATH%"/>
                    <MsiProperty name="SECURELOAD" value="%SECURELOAD%"/>
                    <MsiProperty name="ACADProfile_TrustedPaths" value="%ACADProfile_TrustedPaths%"/>
                    <MsiProperty name="ACADLspAsDoc" value="%ACADLspAsDoc%"/>
                    <MsiProperty name="ACAD_USE_ONLINE_CONTENT" value="%ACAD_USE_ONLINE_CONTENT%"/>
                    <MsiProperty name="ACAD_ENABLE_SEND_PC_NAME" value="%ACAD_ENABLE_SEND_PC_NAME%"/>
                    <MsiProperty name="ACAD_ENABLE_ROUNDTRIP" value="%ACAD_ENABLE_ROUNDTRIP%"/>
                    <MsiProperty name="CUSTOM_PROFILE" value="%CUSTOM_PROFILE%"/>
                    <MsiProperty name="STANDALONE_LP" value="%STANDALONE_LP%"/>
                    <MsiProperty name="ODIS_INSTALL_MODE" value="%INSTALL_MODE%"/>
                    <MsiProperty name="ODIS_LANGUAGE_CODE" value="%LANGUAGE_CODE%"/>
                    <MsiProperty name="ODIS_SILENT" value="%SILENT%"/>
                    <MsiProperty name="ODIS_TRIAL_MODE" value="%TRIAL_MODE%"/>
                    <MsiProperty name="ODIS_TRIGGER_POINT" value="%TRIGGER_POINT%"/>
                    <MsiProperty name="ODIS_UI_MODE" value="%UI_MODE%"/>
                    <MsiProperty name="NIWSELECTION" value="%NIWSELECTION%"/>
                    <MsiProperty name="ADSK_DESKTOPSHORTCUT_1" value="%ADSK_DESKTOPSHORTCUT_1%"/>
                    <MsiProperty name="ACOMP_EXPRESS_TOOLS" value="%ACOMP_EXPRESS_TOOLS%"/>
                    <MsiProperty name="ACOMP_MIGRATE" value="%ACOMP_MIGRATE%"/>
                </MsiProperties>
            </MsiTransform>
        </AdditionalPackageInfo>
        <Attributes diskCost="18415127"/>
        <Platforms>
            <Platform name="Windows" architecture="x64" minVersion="10.0.17763" useNTVersion="true"/>
        </Platforms>
        <Languages>
            <Language langId="it-IT"></Language>
        </Languages>
        <Properties>
            <Property property="UPIPRODUCTVERSION" defaultValue="25.0.58.0.0"/>
        </Properties>
        <CustomCommands>
            <Action path="%INSTALL_SOURCE%\x64\it-IT\acadps\AcInstCfg.exe" params="--PRD 8101 --LAN 0410 --CFG &quot;%INSTALL_SOURCE%\CustomUserFiles\CUSTOM_PROFILE&quot;" type="postInstall"/>
        </CustomCommands>
        <LaunchShortcut exePath="AutoCAD 2025/acad.exe" params="/product ACAD /language it-IT"/>
        <LogFilePath>%tmp%/Autodesk_AutoCAD_PSPack_it-IT</LogFilePath>
    </Configuration>
    <Dependencies>
        <Package installAs="core" name="ACAD Private" external="true" path="x64/acadprivate/pkg.acadprivate.xml" upi2="{6B0CEC3E-4E4D-40E8-9BEA-D1F3708ED5B8}" upgradeCode="{F7AB09D7-5B8C-3CEF-81FF-5D17ABEB8956}"/>
        <Package installAs="core" name="Autodesk AutoCAD 2025 - Italiano (Italian)" external="false" path="x64/it-IT/acadlp/pkg.acadlp.xml" upi2="{B64D74AA-7B74-3B62-8561-10F4A6C3798B}" upgradeCode="{AC5F36B8-02C1-3D1A-B4C4-D1D790E08A24}"/>
        <Package installAs="core" name="Autodesk AutoCAD Shared 2025 - Italiano (Italian)" external="false" path="x64/it-IT/acadsharedlp/pkg.acadsharedlp.xml" upi2="{6077B78C-7B69-3B16-95E8-A1FAC947BC15}" upgradeCode="{06819994-7456-3017-92B7-A0FDA146AB86}"/>
        <Package installAs="core" name="DOTNET48_it-IT" path="3rdParty/dotNetFramework/48/pkg.dotnet48_1040.xml" upi2="{1BC4DE18-5F81-393C-90FE-1E246F146DC0}" upgradeCode="{6C1368F7-AD99-387C-9305-67F12DE47629}"/>
    </Dependencies>
    <Payload sizePacked="10257308" sizeUnpacked="26147127">
        <File checkSum="EF2D98A7D4AA77FF49EACEDF38B63AF3CBA2889621BB2739B96E723DA83E0031" sizePacked="6625792" sizeUnpacked="6622164">NetSWDLD/ODIS/prd/2025/ACD/4525F13B-D307-4514-A1E7-34D4012ED77F/pkg.acadps0.tar</File>
        <File checkSum="7E13E5C9B0E23CF7B6C88C4347DA088CF50D349281687E4A6EF6E2C65ED02932" sizePacked="3631516" sizeUnpacked="19524963">NetSWDLD/ODIS/prd/2025/ACD/4525F13B-D307-4514-A1E7-34D4012ED77F/pkg.acadps1.tar.xz</File>
    </Payload>
</Package>
