<?xml version="1.0" encoding="UTF-8" standalone="yes"?>
<Package xmlns="https://emsfs.autodesk.com/schema/manifest/1/0" xmlns:xsi="http://www.w3.org/2001/XMLSchema-instance" version="1.0" xsi:schemaLocation="">
    <Identity>
        <Publisher>Autodesk, Inc.</Publisher>
        <DisplayName>AutoCAD Architecture 2025.0.1 Update 64-Bit</DisplayName>
        <PLC>ARCHDESK</PLC>
        <Release>2025</Release>
        <BuildNumber>8.7.62.0</BuildNumber>
        <UPI2>{5F73513D-8E83-3B5A-9E23-5E17CCEC8E85}</UPI2>
        <UpgradeCode>{19AF37ED-2041-3FAD-8A08-5E172354F1A8}</UpgradeCode>
        <ConstantId>{287B3B77-697E-3DE5-9648-E20FB7FEAB89}</ConstantId>
<Signature>uFBBZctbjYL1Gl3CHvJK2ZVfVHF8Oh/10q6bquQdygk=</Signature>
<Revision>9</Revision>
<Type>UPD</Type>
        <UpdateType>UP</UpdateType>
    </Identity>
    <Resources>
<Images>
<Image id="ProductThumbUrl">https://up1.autodesk.com/2024/ARCHDESK/autocadarchiteture2024_badge_36x36.png</Image>
</Images>
<LocalizedDescriptions>https://up1.autodesk.com/2025/ARCHDESK/5F73513D-8E83-3B5A-9E23-5E17CCEC8E85/descriptions.json</LocalizedDescriptions>
<ReleaseNotes>https://up1.autodesk.com/2025/ARCHDESK/5F73513D-8E83-3B5A-9E23-5E17CCEC8E85/releaseNotes.json</ReleaseNotes>
</Resources>
    <Configuration>
        <InstallFile contents="File" file="AutoCAD_Architecture_2025.0.1_Update.exe" installParams="-y -s -nr -o &quot;%ADSK_ODIS_METADATA_BASE_LOCATION%\extract\{AC5F84D9-E59B-4A9B-B788-1D801361F0A1}&quot;" type="EXE"/>
        <AdditionalPackageInfo reservedDiskCost="331207253" suppressUPI2="true" updateBundleUPI2="{A1E129E0-57C5-306A-948A-2CC7D81B3894}" updatePackage="true"/>
        <Attributes diskCost="100542000" legacy="false" majorUpgrade="false" restricted="true" update="true"/>
        <Conditions>
            <Condition messageId="AcadStillRunning" state="RUNNING"><![CDATA[(%ADSK_RUNNING_PROC_LIST% CONTAINS acad.exe)]]></Condition>
            <Condition messageId="BaseProductName" state="NOT_APPLICABLE" type="PREREQUISITE"><![CDATA[(%ACA_CORE_INSTALLED_VER% < 8.7.49.0)]]></Condition>
			<Condition messageId="xx" state="INSTALLED"> <![CDATA[( %Y_W1% = 8.7.62.0 )]]> </Condition>
        </Conditions>
        <Platforms>
            <Platform architecture="x64" minVersion="10.0.17763" name="Windows" useNTVersion="true"/>
        </Platforms>
        <Languages>
            <Language langId="en-US"/>
            <Language langId="zh-CN"/>
            <Language langId="zh-TW"/>
            <Language langId="cs-CZ"/>
            <Language langId="de-DE"/>
            <Language langId="es-ES"/>
            <Language langId="fr-FR"/>
            <Language langId="it-IT"/>
            <Language langId="ja-JP"/>
            <Language langId="ko-KR"/>
            <Language langId="pl-PL"/>
            <Language langId="ru-RU"/>
        </Languages>
        <Properties>
            <Property defaultValue="%INSTALL_DEST%\AutoCAD 2025\" property="ACAD_INSTALL_PATH">
                <RegistrySearch id="SearchInstallLocation" key="SOFTWARE\Autodesk\AutoCAD\R25.0\InstalledProducts" name="" root="HKLM"/>
            </Property>
            <Property defaultValue="" property="ADSK_PREVIOUS_INSTALLED_LOCATION">
                <RegistrySearch id="SearchInstallLocation" key="SOFTWARE\Autodesk\AutoCAD\R25.0\InstalledProducts" name="" root="HKLM"/>
            </Property>
            <Property defaultValue="0" property="ACA_CORE_INSTALLED_VER" refreshRequired="false">
                <InstallDBSearch key="VERSION" type="PACKAGE" upgradeCode="{00B7C02C-7921-30FE-B1F2-8E61EC4D3984}"/>
            </Property>
            <Property defaultValue="0" property="Y_W1" refreshRequired="false">
                <FileSearch name="MEP.dll" path="%ProgramFiles%/Autodesk/AutoCAD 2025/MEP"/>
            </Property>
        </Properties>
        <CustomCommands>
            <Action params="--manifest &quot;%ADSK_ODIS_METADATA_BASE_LOCATION%\extract\{AC5F84D9-E59B-4A9B-B788-1D801361F0A1}\setup.xml&quot; --install_mode install --mount_point &quot;%ADSK_ODIS_METADATA_BASE_LOCATION%\extract\{AC5F84D9-E59B-4A9B-B788-1D801361F0A1}&quot; --delegate_type DELEGATE_UPDATE_PACKAGE --silent --offline_mode --trigger_point local" path="%ADSK_ODIS_INSTALL_LOCATION%\Installer.exe" type="postInstall"/>
            <Action params="--manifest &quot;%ADSK_ODIS_METADATA_BASE_LOCATION%\metadata\{A1E129E0-57C5-306A-948A-2CC7D81B3894}\bundleManifest.xml&quot; --install_mode uninstall --delegate_type DELEGATE_UPDATE_PACKAGE --silent" path="%ADSK_ODIS_INSTALL_LOCATION%\Installer.exe" type="preUninstall"/>
        </CustomCommands>
    </Configuration>
    <Payload sizePacked="100552528" sizeUnpacked="100552528">
        <File checkSum="3a217bac41542ad6ebc8fdbaaecb875900129f59e038861e1f01cec506e6bf96" sizePacked="100552528" sizeUnpacked="100552528">https://up.autodesk.com/NetSWCOM/prd/2025/ARCHDESK/5F73513D-8E83-3B5A-9E23-5E17CCEC8E85/AutoCAD_Architecture_2025.0.1_Update.exe</File>
    </Payload>
</Package>
