<?xml version="1.0" encoding="UTF-8" standalone="yes"?>
<Package version="1.0" xsi:schemaLocation="https://emsfs.autodesk.com/schema/manifest/1/0 https://emsfs.autodesk.com/schema/manifest/1/0/manifest.xsd" xmlns="https://emsfs.autodesk.com/schema/manifest/1/0" xmlns:xsi="http://www.w3.org/2001/XMLSchema-instance">
    <Identity>
        <Publisher>Autodesk, Inc.</Publisher>
        <DisplayName>AutoCAD Architecture 2025 Shared</DisplayName>
        <PLC>ARCHDESK</PLC>
        <Release>2025</Release>
        <BuildNumber>8.7.49.0</BuildNumber>
        <UPI2>{B8CD0829-23F3-3D7D-9C97-4A5011C5CE14}</UPI2>
        <UpgradeCode>{CFD103B9-3BEC-3376-BAD0-CE4BDA6EB786}</UpgradeCode>
        <ConstantId>{C96143C2-0AA5-4C1E-96AB-F7E40E3724F4}</ConstantId>
        <Signature>VtoRIomu4kHhOvCU9tJy1PYehpspdgBewWTPRvmDAaE=</Signature>
    </Identity>
    <Resources/>
    <Configuration>
        <InstallFile type="ADIX" contents="Folder" file="x64/acashared/acashared.adix"/>
        <AdditionalPackageInfo identifier="{28B89EEF-8104-0000-4102-CF3F3A09B77D}" upgrade="{28B89EEE-8104-0000-4102-CF3F3A09B77D}" version="8.7.49.0">
            <Customizations>
                <InstallPathMappings>
                    <InstallPathMapping source="[{ProgramFilesX64}]\Autodesk\AutoCAD 2025\" target="%ACAD_INSTALL_PATH%"/>
                </InstallPathMappings>
            </Customizations>
        </AdditionalPackageInfo>
        <Attributes diskCost="249569599" majorUpgrade="true" downgrade="false"/>
        <Platforms>
            <Platform name="Windows" architecture="x64" minVersion="10.0.17763" useNTVersion="true"/>
        </Platforms>
        <Languages languageNeutral="true"/>
        <LogFilePath>%tmp%/Autodesk_AutoCAD_Architecture_Shared</LogFilePath>
    </Configuration>
    <Payload sizePacked="73843524" sizeUnpacked="73890640">
        <File checkSum="B04D8AED83FEA60B615AF669D57F03DF522A6ADB0988C8003A1A9F9A2F32C865" sizePacked="73835008" sizeUnpacked="73832998">NetSWDLD/ODIS/prd/2025/ARCHDESK/B8CD0829-23F3-3D7D-9C97-4A5011C5CE14/pkg.acashared0.tar</File>
        <File checkSum="E0EB847F1FD0A12FCA93D09CB6578EA050D48BDAAF9A2EC9BDA6F4A6F3925E5E" sizePacked="8516" sizeUnpacked="57642">NetSWDLD/ODIS/prd/2025/ARCHDESK/B8CD0829-23F3-3D7D-9C97-4A5011C5CE14/pkg.acashared1.tar.xz</File>
    </Payload>
</Package>
