<?xml version="1.0" encoding="UTF-8" standalone="yes"?>
<Package xmlns="https://emsfs.autodesk.com/schema/manifest/1/0" xmlns:xsi="http://www.w3.org/2001/XMLSchema-instance" version="1.0" xsi:schemaLocation="https://emsfs.autodesk.com/schema/manifest/1/0 https://emsfs.autodesk.com/schema/manifest/1/0/manifest.xsd">
  <Identity>
    <Publisher>Autodesk, Inc.</Publisher>
    <DisplayName>Autodesk Licensing Service - 15.1.0.12339 - Win - Update</DisplayName>
    <PLC>PLC0000036</PLC>
    <Release>1.0</Release>
    <BuildNumber>15.1.0.12339</BuildNumber>
    <UPI2>{B849A79D-E279-3DF5-A56E-36AD2B4EFA99}</UPI2>
    <UpgradeCode>{CF4527CE-7035-34B6-B1B7-634F7588D9DC}</UpgradeCode>
    <ConstantId>{3A5054F4-2425-489D-A5AD-C563BC94E490}</ConstantId>
    <Signature>vt0ujXrdg65m96vA2RzWpJ9t05uSic8RpEFhksjYu0g=</Signature>
    <Revision>4</Revision>
    <Type>COM</Type>
  </Identity>
  <Resources>
    <Images>
      <Image id="ProductThumbUrl">https://up1.autodesk.com/2025/PLC0000036/clic_appicon.png</Image>
    </Images>
    <LocalizedDescriptions>https://up1.autodesk.com/1.0/PLC0000036/B849A79D-E279-3DF5-A56E-36AD2B4EFA99/descriptions.json</LocalizedDescriptions>
    <ReleaseNotes>https://up1.autodesk.com/1.0/PLC0000036/B849A79D-E279-3DF5-A56E-36AD2B4EFA99/releaseNotes.json</ReleaseNotes>
  </Resources>
  <Configuration>
    <InstallFile contents="File" file="x86/Licensing/AdskLicensing-installer.exe" installParams="--mode unattended --unattendedmodeui none" type="EXE"/>
    <AdditionalPackageInfo parallelizable="true"/>
    <Attributes allowRollback="false" diskCost="230686720" legacy="false" majorUpgrade="true" permanent="true" restricted="false" useLatestVersion="true"/>
    <Conditions>
      <Condition messageId="xx" state="INSTALLED"><![CDATA[(( %ADSK_RUNNING_PROC_LIST% CONTAINS AdskLicensingService.exe ) AND ( %ADSK_LICENSING_VERSION% = 15.1.0.12339 OR %ADSK_LICENSING_VERSION% > 15.1.0.12339 ))]]></Condition>
      <Condition messageId="xx" state="NOT_APPLICABLE" type="SYSTEM_REQUIREMENT"><![CDATA[( %ADSK_OS_VERSION% < 10.0) AND (%AUTO_UPDATE% CONTAINS true)]]></Condition>
    </Conditions>
    <Platforms>
      <Platform architecture="x64" minVersion="5.1.2" name="Windows"/>
    </Platforms>
    <Languages languageNeutral="true"/>
    <Properties>
      <Property defaultValue="" property="ADSK_LICENSING_VERSION">
        <RegistrySearch id="AdskLicensingVersionCheck" key="SOFTWARE\Autodesk\AdskLicensing" name="Version" root="HKLM"/>
      </Property>
    </Properties>
    <AutoUpdate enabled="true" forced="true" scheduled="true"/>
  </Configuration>
  <Dependencies>
    <Package external="true" installAs="core" installLatestVersion="true" name="WebView2" path="3rdParty/x64/WebView2/pkg.webview2.xml" permanent="true" upgradeCode="{3370AB5E-FBC7-341A-85A3-07203A798518}" upi2="{785AA7CB-1833-3436-A7F1-A5C9D45AD28E}"/>
    <Package external="true" installAs="core" name="adp-desktop-sdk" path="x64/AdpSdk/pkg.adp-desktop-sdk.xml" permanent="true" upgradeCode="{6F9B83D2-E570-3AF0-ABFE-948641FF0226}" upi2="{1BFAF339-E081-3EA1-899E-1C227C8D699E}"/>
  </Dependencies>
  <Payload sizePacked="77126660" sizeUnpacked="82070432">
    <File checkSum="22F524F2C89611303F7EBA4C9E3DDDD70856695C1A755886B8131C2E975EC2F8" sizePacked="77126660" sizeUnpacked="82070432">NetSWDLD/ODIS/prd/1.0/PLC0000036/B849A79D-E279-3DF5-A56E-36AD2B4EFA99/pkg.licensing.tar.xz</File>
  </Payload>
</Package>
