<?xml version="1.0" encoding="UTF-8" standalone="yes"?>
<Package version="1.0" xsi:schemaLocation="https://emsfs.autodesk.com/schema/manifest/1/0 https://emsfs.autodesk.com/schema/manifest/1/0/manifest.xsd" xmlns="https://emsfs.autodesk.com/schema/manifest/1/0" xmlns:xsi="http://www.w3.org/2001/XMLSchema-instance">
    <Identity>
        <Publisher>Autodesk, Inc.</Publisher>
        <DisplayName>AutoCAD Open in Desktop</DisplayName>
        <PLC>ACADOID</PLC>
        <Release>1.0</Release>
        <BuildNumber>1.0.27.0</BuildNumber>
        <UPI2>{D592F06E-768C-4622-9524-5DDD1A3157B8}</UPI2>
        <UpgradeCode>{6E8FAF8B-67F2-37C7-BF48-F00C14D1A2BC}</UpgradeCode>
        <ConstantId>{C53A117B-2589-3D76-804D-A4F38B0B34F2}</ConstantId>
        <Signature>jgC802fyO83p7iJ9gZfjc2zOY+0TwTfxuZqJrr/UpSw=</Signature>
        <Type>COM</Type>
    </Identity>
    <Configuration>
        <InstallFile type="MSI" contents="Folder" file="x64/webfileopen/webfileopen.msi"/>
        <AdditionalPackageInfo identifier="{E03EC70C-079C-4B5D-86D1-75759A46ED71}" upgrade="{A36CB098-1152-4EC4-9B57-42868FF2757E}" version="1.0.27.0"/>
        <Attributes diskCost="46535168" majorUpgrade="true" suppressARP="false" useLatestVersion="true" permanent="true"/>
        <Conditions>
            <Condition messageId="xx" state="NOT_APPLICABLE"><![CDATA[ %OPT_WEBFILEOPEN_INSTALL% = 0 ]]></Condition>
        </Conditions>
        <Platforms>
            <Platform name="Windows" architecture="x64" minVersion="10.0.17763" useNTVersion="true"/>
        </Platforms>
        <Languages languageNeutral="true"/>
        <Properties>
            <Property property="OPT_WEBFILEOPEN_INSTALL" defaultValue="1"/>
        </Properties>
        <LogFilePath>%tmp%/AutoCAD_webfileopen.log</LogFilePath>
    </Configuration>
    <Payload sizePacked="15971252" sizeUnpacked="16233396">
        <File checkSum="DC7905ED4C7F63685605F1EBFEB133A9500932870CBA2B229FEDE86CE967B9A1" sizePacked="15971252" sizeUnpacked="16233396">NetSWDLD/ODIS/prd/1.0/ACADOID/D592F06E-768C-4622-9524-5DDD1A3157B8/pkg.webfileopen0.tar.xz</File>
    </Payload>
</Package>
