<?xml version="1.0" encoding="UTF-8" standalone="yes"?>
<BundleExtension xsi:schemaLocation="" xmlns="https://emsfs.autodesk.com/schema/manifestext/1/0" xmlns:xsi="http://www.w3.org/2001/XMLSchema-instance">
    <Add>
        <Packages>
            <Package name="AutoCAD 2025.1.1 Update 64-Bit" path="setup.xml" upi2="{D5072997-A975-3C4B-B1BB-9CFE97704608}" sourceDir="403">
                <Dependencies>
                    <Package upi2="{49B29509-57BA-366F-84CE-27D1E6D14B83}"/>
                </Dependencies>
            </Package>
            <Package name="AutoCAD Architecture 2025.0.1 Update 64-Bit" path="setup.xml" upi2="{5F73513D-8E83-3B5A-9E23-5E17CCEC8E85}" sourceDir="e88">
                <Dependencies>
                    <Package upi2="{AE034F8E-6E53-47A1-8FF0-7FE7DCC50FE0}"/>
                </Dependencies>
            </Package>
        </Packages>
    </Add>
    <Replace>
        <Packages/>
    </Replace>
</BundleExtension>
