<?xml version="1.0" encoding="UTF-8" standalone="yes"?>
<Bundle version="1.0" xsi:schemaLocation="https://emsfs.autodesk.com/schema/manifest/1/0 https://emsfs.autodesk.com/schema/manifest/1/0/manifest.xsd" xmlns="https://emsfs.autodesk.com/schema/manifest/1/0" xmlns:xsi="http://www.w3.org/2001/XMLSchema-instance">
    <Identity>
        <Publisher>Autodesk, Inc.</Publisher>
        <DisplayName>Autodesk AutoCAD Architecture 2025 - Italiano (Italian)</DisplayName>
        <PLC>ARCHDESK</PLC>
        <Release>2025</Release>
        <BuildNumber>8.7.49.0</BuildNumber>
        <UPI2>{BB4A5442-0AA6-3EE1-9667-B28A8173EEB7}</UPI2>
        <UpgradeCode>{D1B5E2DC-D6FC-3D4F-B6B7-4E871AC6A2D2}</UpgradeCode>
        <ConstantId>{8D81E367-4E58-F1F6-B01D-1609351D7951}</ConstantId>
        <Signature>mpXrQijDfWojHkWMqcyA+MYakk/5V3itqjFQ8SAZlEs=</Signature>
        <Type>PRD</Type>
    </Identity>
    <Resources>
        <Files>
            <File id="featureJson">SetupRes/feature.json</File>
        </Files>
        <LocalizedResources>SetupRes/locale/%setuplang%/setup.xml</LocalizedResources>
        <Images>
            <Image id="ProductIconImage">SetupRes/branding/TopBanner.svg</Image>
            <Image id="ProductBrandImage">SetupRes/branding/AutoCAD.png</Image>
            <Image id="ProductLogoImage">SetupRes/icons/ACA.ico</Image>
            <Image id="ProductARPIcon">SetupRes/icons/ACA.ico</Image>
        </Images>
        <UIStyle style="Rosetta.Dark"/>
    </Resources>
    <Configuration>
        <Conditions>
            <Condition messageId="AcadStillRunning" state="RUNNING"><![CDATA[(%ADSK_RUNNING_PROC_LIST% CONTAINS acad.exe)]]></Condition>
            <Condition messageId="xx" state="NOT_RECOMMENDED" type="SYSTEM_REQUIREMENT"><![CDATA[( %ADSK_MEMORY_RAM% < 4) ]]></Condition>
            <Condition messageId="xx" state="NOT_APPLICABLE" type="SYSTEM_REQUIREMENT"><![CDATA[( %ADSK_MEMORY_RAM% < 2) ]]></Condition>
            <Condition messageId="xx" state="NOT_APPLICABLE" type="SYSTEM_REQUIREMENT"><![CDATA[( %GRAPHICS_FEATURE_LEVEL% < 30 )]]></Condition>
            <Condition messageId="xx" state="INSTALLED"><![CDATA[((%ADSK_WIN_INSTALLED_MSI% CONTAINS {28B89EEF-8104-0410-2102-CF3F3A09B77D}) AND (NOT(%ACA_PRD_INSTALLED_VER% = 8.7.49.0)))]]></Condition>
        </Conditions>
        <Attributes/>
        <AdditionalBundleInfo/>
        <Platforms>
            <Platform name="Windows" architecture="x64" minVersion="10.0.17763" useNTVersion="true"/>
        </Platforms>
        <Languages>
            <Language langId="it-IT"></Language>
        </Languages>
        <Properties>
            <Property property="GRAPHICS_FEATURE_LEVEL">
                <GraphicsCheck/>
            </Property>
            <Property property="ACAD_INSTALL_PATH" defaultValue="%INSTALL_DEST%\AutoCAD 2025\">
                <RegistrySearch id="SearchInstallLocation" key="SOFTWARE\Autodesk\AutoCAD\R25.0\InstalledProducts" name="" root="HKLM"/>
            </Property>
            <Property property="ADSK_PREVIOUS_INSTALLED_LOCATION" defaultValue="">
                <RegistrySearch id="SearchInstallLocation" key="SOFTWARE\Autodesk\AutoCAD\R25.0\InstalledProducts" name="" root="HKLM"/>
            </Property>
            <Property property="ACA_PRD_INSTALLED_VER">
                <MsiSearch name="VersionString" productCode="{28B89EEF-8104-0410-2102-CF3F3A09B77D}"/>
            </Property>
        </Properties>
        <Media>
            <Disk diskLabel="ACA2025" diskPromptId="DiskPrompt" defaultDisk="true"></Disk>
        </Media>
    </Configuration>
    <Settings>
        <Setting name="CD_SHARED_FOLDERS" defaultVal=";" deployment="true" standalone="false"><![CDATA[]]></Setting>
        <Setting name="CONTENT_PATH" defaultVal="%PROGRAMDATA%\Autodesk\ACA 2025\ita" deployment="false" standalone="true"><![CDATA[]]></Setting>
        <Setting name="ACA_ITA" defaultVal="cp_ADT_Metric-it;" deployment="true" standalone="true"><![CDATA[]]></Setting>
        <Setting name="MODIFYCBL_FILEPATHCK" defaultVal="0" deployment="true" standalone="false"><![CDATA[]]></Setting>
        <Setting name="CBL_FILEPATHIT" defaultVal="" deployment="true" standalone="false"><![CDATA[]]></Setting>
        <Setting name="ACAMEP_DESKTOPSHORTCUT_CHECK" defaultVal="1" deployment="true" standalone="false"><![CDATA[]]></Setting>
        <Setting name="IS_DEPLOYMENT" defaultVal="1" deployment="true" standalone="false"><![CDATA[]]></Setting>
        <Setting name="ADD_CONTENT" defaultVal=";" deployment="true" standalone="true"><![CDATA[]]></Setting>
        <Setting name="DEFAULT_SHORTCUTS" defaultVal="cp_ADT_DAN-da-DK;cp_ADT_FIN-fi-FI;cp_ADT_Global-en;cp_ADT_Imperial-en-US;cp_ADT_Metric-en;cp_ADT_NOR-no-NO;cp_ADT_SVE-sv-SE;cp_ADT_UK-en-GB;cp_ADT_Metric-chs;cp_ADT_Metric-cht;cp_ADT_Metric-cs;cp_ADT_Metric-de;cp_ADT_MetricDACH-de-DE;cp_ADT_Metric-es;cp_ADT_Imperial-fr-FR;cp_ADT_Metric-fr;cp_ADT_Metric-it;cp_ADT_Metric-ja;cp_ADT_Metric-ko;cp_ADT_Metric-pl;cp_ADT_Metric-ru;" deployment="true" standalone="true"><![CDATA[]]></Setting>
        <Setting name="USE_PREVIOUS_INSTALLED_LOCATION" defaultVal="true" deployment="true" standalone="true"><![CDATA[]]></Setting>
        <Setting name="LOCKSECURITYSETTINGS" defaultVal="0" deployment="true" standalone="false"><![CDATA[]]></Setting>
        <Setting name="SECURELOAD" defaultVal="1" deployment="true" standalone="false"><![CDATA[]]></Setting>
        <Setting name="ACADProfile_TrustedPaths" defaultVal="" deployment="true" standalone="false"><![CDATA[]]></Setting>
        <Setting name="LEGACYCODESEARCH" defaultVal="0" deployment="true" standalone="false"><![CDATA[]]></Setting>
        <Setting name="ACADLspAsDoc" defaultVal="#0" deployment="true" standalone="false"><![CDATA[]]></Setting>
        <Setting name="ACADDEFAULTPROFILENAME" defaultVal="AutoCAD" deployment="true" standalone="false"><![CDATA[]]></Setting>
        <Setting name="ACOMP_EXPRESS_TOOLS" defaultVal="1" deployment="true" standalone="false"><![CDATA[]]></Setting>
        <Setting name="ACOMP_MIGRATE" defaultVal="1" deployment="true" standalone="false"><![CDATA[]]></Setting>
        <Setting name="ACAD_USE_ONLINE_CONTENT" defaultVal="#1" deployment="true" standalone="false"><![CDATA[]]></Setting>
        <Setting name="ACAD_ENABLE_SEND_PC_NAME" defaultVal="#1" deployment="true" standalone="false"><![CDATA[]]></Setting>
        <Setting name="ACAD_ENABLE_ROUNDTRIP" defaultVal="#1" deployment="true" standalone="false"><![CDATA[]]></Setting>
    </Settings>
    <Applications>
        <Application sequence="1" launchApp="true" installAs="core" name="AutoCAD Architecture 2025" external="false" path="manifest/app.aca.it-IT.xml" upi2="{C1B69CF3-D0D4-30B9-8891-0A5C3D96B961}" upgradeCode="{E51E77A7-392C-3267-8D2D-E0D761DBFB79}"/>
    </Applications>
    <Payload sizePacked="569688" sizeUnpacked="920412">
        <File checkSum="B2CDF1F6A0AADBC4AB79AE8748BE06EE510A920BD766CCD57003628B297F6C07" sizePacked="569688" sizeUnpacked="920412">NetSWDLD/ODIS/prd/2025/ARCHDESK/BB4A5442-0AA6-3EE1-9667-B28A8173EEB7/setup.tar.xz</File>
    </Payload>
</Bundle>
