<?xml version="1.0" encoding="UTF-8" standalone="yes"?>
<Package version="1.0" xsi:schemaLocation="https://emsfs.autodesk.com/schema/manifest/1/0 https://emsfs.autodesk.com/schema/manifest/1/0/manifest.xsd" xmlns="https://emsfs.autodesk.com/schema/manifest/1/0" xmlns:xsi="http://www.w3.org/2001/XMLSchema-instance">
    <Identity>
        <Publisher>Autodesk, Inc.</Publisher>
        <DisplayName>AutoCAD Architecture 2025</DisplayName>
        <PLC>ARCHDESK</PLC>
        <Release>2025</Release>
        <BuildNumber>8.7.49.0</BuildNumber>
        <UPI2>{AE034F8E-6E53-47A1-8FF0-7FE7DCC50FE0}</UPI2>
        <UpgradeCode>{7325D5EA-137C-3C43-9974-673DF2FEC210}</UpgradeCode>
        <ConstantId>{7E3C0777-C2F5-4EDA-B8AF-8757401F30C1}</ConstantId>
        <Signature>1cUu98/W+rHA5sBAlXd/GGeWeDx6SPfBAoa1lZtUa8g=</Signature>
    </Identity>
    <Resources/>
    <Configuration>
        <InstallFile type="MSI" contents="Folder" file="x64/acapv/acapv.msi"/>
        <AdditionalPackageInfo identifier="{28B89EEF-8104-0000-3102-CF3F3A09B77D}" upgrade="{28B89EEE-8104-0000-3102-CF3F3A09B77D}" version="8.7.49.0" installLocation="%ACAD_INSTALL_PATH%">
            <MsiTransform>
                <MsiProperties>
                    <MsiProperty name="ADLM_PRODKEY" value="%ADLM_PRODKEY%"/>
                    <MsiProperty name="ACADSERIALPREFIX" value="%ACADSERIALPREFIX%"/>
                    <MsiProperty name="ACADSERIALNUMBER" value="%ACADSERIALNUMBER%"/>
                    <MsiProperty name="ACADSTANDALONENETWORKTYPE" value="%ACADSTANDALONENETWORKTYPE%"/>
                    <MsiProperty name="NIWSELECTION" value="%NIWSELECTION%"/>
                    <MsiProperty name="ACADLICENSESERVERTYPE" value="%ACADLICENSESERVERTYPE%"/>
                    <MsiProperty name="ACADSERVERPATH" value="%ACADSERVERPATH%"/>
                    <MsiProperty name="ADLM_EULA_COUNTRY" value="%ADLM_EULA_COUNTRY%"/>
                    <MsiProperty name="LOCKSECURITYSETTINGS" value="%LOCKSECURITYSETTINGS%"/>
                    <MsiProperty name="LEGACYCODESEARCH" value="%LEGACYCODESEARCH%"/>
                    <MsiProperty name="SECURELOAD" value="%SECURELOAD%"/>
                    <MsiProperty name="ACADProfile_TrustedPaths" value="%ACADProfile_TrustedPaths%"/>
                    <MsiProperty name="ACAD_USE_ONLINE_CONTENT" value="%ACAD_USE_ONLINE_CONTENT%"/>
                </MsiProperties>
            </MsiTransform>
        </AdditionalPackageInfo>
        <Attributes diskCost="11866331"/>
        <Platforms>
            <Platform name="Windows" architecture="x64" minVersion="10.0.17763" useNTVersion="true"/>
        </Platforms>
        <Languages languageNeutral="true"/>
        <LogFilePath>%tmp%/Autodesk_AutoCAD_Architecture_Private</LogFilePath>
    </Configuration>
    <Dependencies>
        <Package installAs="core" name="AutoCAD Architecture 2025 Core" external="false" path="x64/aca/pkg.aca.xml" upi2="{E2766010-1679-3E65-959E-F987C7CA04D7}" upgradeCode="{00B7C02C-7921-30FE-B1F2-8E61EC4D3984}"/>
        <Package installAs="core" name="AutoCAD Architecture 2025 Shared" external="false" path="x64/acashared/pkg.acashared.xml" upi2="{B8CD0829-23F3-3D7D-9C97-4A5011C5CE14}" upgradeCode="{CFD103B9-3BEC-3376-BAD0-CE4BDA6EB786}"/>
        <Package installAs="core" name="AutoCAD 2025" external="true" path="x64/acad/pkg.acad.xml" upi2="{88711936-A089-3C91-988F-441E050F3E46}" upgradeCode="{DC74F5E1-CA24-3AF7-92EF-B2C3CC7F9A6E}"/>
        <Package installAs="core" name="AutoCAD Shared 2025" external="true" path="x64/acadshared/pkg.acadshared.xml" upi2="{49B29509-57BA-366F-84CE-27D1E6D14B83}" upgradeCode="{FF5F13D3-1692-3DF4-90CB-21888987B5C5}"/>
        <Package installAs="core" name="Microsoft Visual C++ 2015-2022 Redistributable (x86)" external="true" path="3rdParty/x86/VCRedist/2022/pkg.vcredist2022x86.xml" upi2="{2CEECBFA-DEFD-4230-9646-72810FC45CB6}" upgradeCode="{B0E1CD72-37C6-46CA-86EE-ED57F9D014E6}"/>
        <Package installAs="core" name="Microsoft Visual C++ 2015-2022 Redistributable (x64)" external="true" path="3rdParty/x64/VCRedist/2022/pkg.vcredist2022x64.xml" upi2="{B8384B24-6173-4F61-9875-95C91ACF5525}" upgradeCode="{599FAF62-5786-4D71-B461-6CC013D3F045}"/>
        <Package installAs="core" name=".NET Windows Desktop Runtime 8.0.0 (x64)" external="true" path="3rdParty/x64/dotNet/80/pkg.dotnet80.xml" upi2="{8326AD19-811B-41C4-8746-2AFE59AAB854}" upgradeCode="{3C7FF67F-EF42-48E5-9BF9-F25798A51B7E}"/>
        <Package installAs="core" name=".NET Framework Runtime 4.8" external="true" path="3rdParty/dotNetFramework/48/pkg.dotnet48.xml" upi2="{8A2C37AC-AD7E-3DF8-A22D-9DC8D45F7942}" upgradeCode="{1EA91221-20E9-370E-8754-EAB3FA108D71}"/>
        <Package installAs="core" name="Microsoft ASP.NET Core Runtime 8.0.0 (x64)" external="true" path="3rdParty/x64/aspNetCore/80/pkg.aspnet80x64.xml" upi2="{4CFC52B8-AD18-4FBA-8A98-4627B940D6C1}" upgradeCode="{875FD6EE-BEDC-48DD-93A4-E41A047E7EC5}"/>
        <Package installAs="core" name="Microsoft Edge WebView2 Runtime Installer" external="true" path="3rdParty/x64/WebView2/pkg.webview2.xml" upi2="{785AA7CB-1833-3436-A7F1-A5C9D45AD28E}" upgradeCode="{3370AB5E-FBC7-341A-85A3-07203A798518}"/>
        <Package installAs="core" name="Autodesk Licensing Service - 14.0.0.10160 - Win - Update" external="true" path="x86/Licensing/pkg.licensing.xml" upi2="{0401B45F-091C-3D47-B924-A1B6F3E6FFC3}" upgradeCode="{CF4527CE-7035-34B6-B1B7-634F7588D9DC}"/>
        <Package installAs="core" name="Autodesk Identity Manager Component" external="true" path="x64/AdskIdentityManager/pkg.identity_manager.xml" upi2="{11FD7BD1-89C4-37FB-8532-23551BE62E96}" upgradeCode="{450CBD12-1E14-3695-A4BD-F4DB32DC94E2}"/>
        <Package installAs="core" name="Autodesk CER Service" external="true" path="x64/CER/pkg.cer.xml" upi2="{F9F4F372-AB9C-4CFC-B436-D2707D333593}" upgradeCode="{10CCBFDC-3B28-375A-AF40-54C1A75DB309}"/>
        <Package installAs="core" name="Windows Performance Toolkit" external="true" path="3rdParty/WPT/pkg.WPTx64-x86_en-us.xml" upi2="{FD439F85-AD64-B3E5-9FC5-444AE8C8AF7B}" upgradeCode="{A8D446B4-7D67-EDC2-F826-CB980D1327C3}"/>
        <Package installAs="core" name="ADP Desktop SDK" external="true" path="x64/AdpSdk/pkg.adp-desktop-sdk.xml" upi2="{2D5CBF31-1344-39A5-B248-273531333480}" upgradeCode="{6F9B83D2-E570-3AF0-ABFE-948641FF0226}"/>
        <Package installAs="core" name="Autodesk Material Library Base Resolution Image Library 4" external="true" path="Content/ADSKMaterials/ILB/pkg.BaseImageLibrary4.xml" upi2="{F8AA36A8-02CD-31BF-AA5B-DE5AD3922635}" upgradeCode="{9798C662-A0A8-3034-82FF-D67CC6DF34E8}"/>
        <Package installAs="core" name="Autodesk Material Library 4" external="true" path="Content/ADSKMaterials/CM/pkg.MaterialLibrary4.xml" upi2="{4D3C08E7-12E9-37D9-87CD-0B06509709C1}" upgradeCode="{1BFF436D-6EE3-367D-998E-F66E7F14EBB1}"/>
    </Dependencies>
    <Payload sizePacked="10832044" sizeUnpacked="15073499">
        <File checkSum="CCBD03ACB5236B860743FA559569CA07B51EC2F723A2FBAF38E6D03538F18BFE" sizePacked="10832044" sizeUnpacked="15073499">NetSWDLD/ODIS/prd/2025/ARCHDESK/AE034F8E-6E53-47A1-8FF0-7FE7DCC50FE0/pkg.acapv0.tar.xz</File>
    </Payload>
</Package>
