<?xml version="1.0" encoding="UTF-8" standalone="yes"?>
<Package version="1.0" xsi:schemaLocation="https://emsfs.autodesk.com/schema/manifest/1/0 https://emsfs.autodesk.com/schema/manifest/1/0/manifest.xsd" xmlns="https://emsfs.autodesk.com/schema/manifest/1/0" xmlns:xsi="http://www.w3.org/2001/XMLSchema-instance">
    <Identity>
        <Publisher>Autodesk, Inc.</Publisher>
        <DisplayName>Autodesk App Manager</DisplayName>
        <PLC>ACD</PLC>
        <Release>3.0</Release>
        <BuildNumber>3.5.4.0</BuildNumber>
        <UPI2>{572EDC2F-9CE9-4D8D-BD45-5CD49408D6BC}</UPI2>
        <UpgradeCode>{927090DB-D52C-3D77-81E2-1377C5485853}</UpgradeCode>
        <ConstantId>{B3D85322-3815-3897-87EC-41E5A11E2767}</ConstantId>
        <Signature>adb2r8sSMBe5pM6iWVcQ8HAgGiCFI19x6THkAbYx7cA=</Signature>
        <Type>COM</Type>
    </Identity>
    <Resources/>
    <Configuration>
        <InstallFile type="MSI" contents="File" file="x64/appmanager/autodeskappmanager.msi"/>
        <AdditionalPackageInfo identifier="{B2600780-CE8A-4778-A8C5-D92A730DF487}" upgrade="{52B236FD-31B1-4A42-ACEB-EFDFB195576F}" version="3.5.4"/>
        <Attributes diskCost="5829589" majorUpgrade="true" suppressARP="false" useLatestVersion="true" permanent="true"/>
        <Conditions>
            <Condition messageId="xx" state="NOT_APPLICABLE"><![CDATA[ %OPT_APPMANAGER_INSTALL% = 0 ]]></Condition>
        </Conditions>
        <Platforms>
            <Platform name="Windows" architecture="x64" minVersion="10.0.17763" useNTVersion="true"/>
        </Platforms>
        <Languages languageNeutral="true"/>
        <Properties>
            <Property property="OPT_APPMANAGER_INSTALL" defaultValue="1"/>
        </Properties>
        <LogFilePath>%tmp%/Autodesk_autodeskappmanager</LogFilePath>
    </Configuration>
    <Payload sizePacked="1385824" sizeUnpacked="3097600">
        <File checkSum="764A3BCD5FB491B5F22A0BB4963D80ABF17F1D593AE3A7ACCA5F822F41683AEB" sizePacked="1385824" sizeUnpacked="3097600">NetSWDLD/ODIS/prd/3.0/ACD/572EDC2F-9CE9-4D8D-BD45-5CD49408D6BC/pkg.autodeskappmanager.tar.xz</File>
    </Payload>
</Package>
