<?xml version="1.0" encoding="UTF-8" standalone="yes"?>
<Package xmlns="https://emsfs.autodesk.com/schema/manifest/1/0" xmlns:xsi="http://www.w3.org/2001/XMLSchema-instance" version="1.0" xsi:schemaLocation="https://emsfs.autodesk.com/schema/manifest/1/0 https://emsfs.autodesk.com/schema/manifest/1/0/manifest.xsd">
    <Identity>
        <Publisher>Autodesk, Inc.</Publisher>
        <DisplayName>Identity Manager 1.0 1.12.0 English-US 64-bit (Windows)</DisplayName>
        <PLC>IDSDK</PLC>
        <Release>1.0</Release>
        <BuildNumber>1.12.0.7</BuildNumber>
        <UPI2>{07ADE4D6-B445-37C7-B3EC-CDE4FDB649BC}</UPI2>
        <UpgradeCode>{450CBD12-1E14-3695-A4BD-F4DB32DC94E2}</UpgradeCode>
        <ConstantId>{59F3F3B2-DF5E-4EDF-A6B9-BBC3F2D86BE6}</ConstantId>
        <Signature>oAa6IBXYBM1c6mmncNLuwk5OHiZTnmtTgdtltChcxr8=</Signature>
        <Revision>3</Revision>
<Type>COM</Type>
    </Identity>
    <Resources>
<Images>
<Image id="ProductThumbUrl">https://up1.autodesk.com/2025/PLC0000036/clic_appicon.png</Image>
</Images>
<LocalizedDescriptions>https://up1.autodesk.com/1.0/IDSDK/07ADE4D6-B445-37C7-B3EC-CDE4FDB649BC/descriptions.json</LocalizedDescriptions>
<ReleaseNotes>https://up1.autodesk.com/1.0/IDSDK/07ADE4D6-B445-37C7-B3EC-CDE4FDB649BC/releaseNotes.json</ReleaseNotes>
</Resources>
    <Configuration>
        <InstallFile contents="File" file="x64/AdskIdentityManager/AdskIdentityManager-Installer.exe" installParams="--mode unattended" type="EXE"/>
        <AdditionalPackageInfo/>
        <Attributes diskCost="46802229" installContext="ALLUSERS" legacy="false" majorUpgrade="true" permanent="true" restricted="false" useLatestVersion="true"/>
        <Conditions>
            <Condition messageId="xx" state="INSTALLED"><![CDATA[( %ADSK_IDENTITY_MANAGER_INSTALLED_VER% >= 1.12.0.7 )]]></Condition>
        </Conditions>
        <Platforms>
            <Platform architecture="x64" minVersion="6.3" name="Windows"/>
        </Platforms>
        <Languages>
            <Language langId="en-US"/>
        </Languages>
        <Properties>
            <Property defaultValue="0.0.0.0" property="ADSK_IDENTITY_MANAGER_INSTALLED_VER" refreshRequired="false">
                <FileSearch name="AdskIdentityManager.exe" path="%ProgramFiles%/Autodesk/AdskIdentityManager/Current"/>
            </Property>
        </Properties>
        <AutoUpdate enabled="true" forced="false" scheduled="true"/>
    </Configuration>
    <Dependencies>
        <Package external="true" installAs="core" installLatestVersion="true" name="ADPSDK" path="x64/AdpSdk/pkg.adp-desktop-sdk.xml" permanent="true" upgradeCode="{6F9B83D2-E570-3AF0-ABFE-948641FF0226}" upi2="{5D17C2A3-B7F8-368B-B014-4823BDF04562}"/>
        <Package external="true" installAs="core" installLatestVersion="true" name="WebView2" path="3rdParty/x64/WebView2/pkg.webview2.xml" permanent="true" upgradeCode="{3370AB5E-FBC7-341A-85A3-07203A798518}" upi2="{785AA7CB-1833-3436-A7F1-A5C9D45AD28E}"/>
        <Package external="true" installAs="core" installLatestVersion="true" name="VCRedist2022x64" path="3rdParty/x64/VCRedist/2022/pkg.vcredist2022x64.xml" permanent="true" upgradeCode="{599FAF62-5786-4D71-B461-6CC013D3F045}" upi2="{B8384B24-6173-4F61-9875-95C91ACF5525}"/>
    </Dependencies>
    <Payload sizePacked="36512452" sizeUnpacked="42547512">
        <File checkSum="18326A91218DD466CE6730DE75B97EAF0AE1EB0E76160142E45DD903CE7F9442" sizePacked="36512452" sizeUnpacked="42547512">NetSWDLD/ODIS/prd/1.0/IDSDK/07ADE4D6-B445-37C7-B3EC-CDE4FDB649BC/pkg.identity_manager.tar.xz</File>
    </Payload>
</Package>
