<?xml version="1.0" encoding="UTF-8" standalone="yes"?>
<Package version="1.0" xsi:schemaLocation="https://emsfs.autodesk.com/schema/manifest/1/0 https://emsfs.autodesk.com/schema/manifest/1/0/manifest.xsd" xmlns="https://emsfs.autodesk.com/schema/manifest/1/0" xmlns:xsi="http://www.w3.org/2001/XMLSchema-instance">
    <Identity>
        <Publisher>Autodesk, Inc.</Publisher>
        <DisplayName>AutoCAD 2025</DisplayName>
        <PLC>ACD</PLC>
        <Release>2025</Release>
        <BuildNumber>25.0.58.0</BuildNumber>
        <UPI2>{88711936-A089-3C91-988F-441E050F3E46}</UPI2>
        <UpgradeCode>{DC74F5E1-CA24-3AF7-92EF-B2C3CC7F9A6E}</UpgradeCode>
        <ConstantId>{4627585C-A8B6-303E-9E17-EA692EA91DE1}</ConstantId>
        <Signature>LuJOLEc84RcdvmZ78s4Ixh3erdItPv0Dbv/oh7F1PJw=</Signature>
        <Type>COM</Type>
    </Identity>
    <Resources/>
    <Configuration>
        <InstallFile type="ADIX" contents="Folder" file="x64/acad/acad.adix"/>
        <AdditionalPackageInfo identifier="{28B89EEF-8101-0000-0102-CF3F3A09B77D}" upgrade="{28B89EEE-8101-0000-0102-CF3F3A09B77D}" version="25.0.58.0" installLocation="%ACAD_INSTALL_PATH%">
            <Customizations>
                <InstallPathMappings>
                    <InstallPathMapping source="[{ProgramFilesX64}]\Autodesk\AutoCAD 2025\" target="%ACAD_INSTALL_PATH%"/>
                </InstallPathMappings>
            </Customizations>
        </AdditionalPackageInfo>
        <Attributes diskCost="1584406240" majorUpgrade="true" downgrade="false"/>
        <Platforms>
            <Platform name="Windows" architecture="x64" minVersion="10.0.17763" useNTVersion="true"/>
        </Platforms>
        <Languages languageNeutral="true"/>
        <Properties>
            <Property property="UPIPRODUCTVERSION" defaultValue="25.0.58.0.0"/>
        </Properties>
        <CustomCommands>
            <Action path="%INSTALL_SOURCE%\x64\acad\AcNGEN.exe" params="install 25.0.58.0 &quot;%INSTALL_SOURCE%\x64\acad\acad.acngen&quot; &quot;%ACAD_INSTALL_PATH%&quot;" type="postInstall"/>
            <Action path="%ProgramData%\Autodesk\AcNGEN\25.0.58.0\AcNGEN.exe" params="uninstall 25.0.58.0 &quot;%ProgramData%\Autodesk\AcNGEN\25.0.58.0\acad.acngen&quot; &quot;%ACAD_INSTALL_PATH%&quot;" type="preUninstall"/>
            <Action path="cmd" params="/C taskkill /F /IM AcQmod.exe | exit 0" type="preUninstall"/>
            <Action path="cmd" params="/C taskkill /F /IM AcEventSync.exe | exit 0" type="preUninstall"/>
        </CustomCommands>
        <LogFilePath>%tmp%/Autodesk_AutoCAD_Core</LogFilePath>
    </Configuration>
    <Payload sizePacked="726171520" sizeUnpacked="726938268">
        <File checkSum="2D26BCB9698D3090D8502C74475228A8392E45113F631376CB8911A6FDD08344" sizePacked="725937152" sizeUnpacked="725935235">NetSWDLD/ODIS/prd/2025/ACD/88711936-A089-3C91-988F-441E050F3E46/pkg.acad0.tar</File>
        <File checkSum="13D8F78EC90589B27BECD5CE67E3AFCA631DDF3E99921991DF020DE345CBB952" sizePacked="234368" sizeUnpacked="1003033">NetSWDLD/ODIS/prd/2025/ACD/88711936-A089-3C91-988F-441E050F3E46/pkg.acad1.tar.xz</File>
    </Payload>
</Package>
