<?xml version="1.0" encoding="UTF-8" standalone="yes"?>
<Package version="1.0" xsi:schemaLocation="https://emsfs.autodesk.com/schema/manifest/1/0 https://emsfs.autodesk.com/schema/manifest/1/0/manifest.xsd" xmlns="https://emsfs.autodesk.com/schema/manifest/1/0" xmlns:xsi="http://www.w3.org/2001/XMLSchema-instance">
    <Identity>
        <Publisher>Autodesk, Inc.</Publisher>
        <DisplayName>AutoCAD Architecture 2025 Core</DisplayName>
        <PLC>ARCHDESK</PLC>
        <Release>2025</Release>
        <BuildNumber>8.7.49.0</BuildNumber>
        <UPI2>{E2766010-1679-3E65-959E-F987C7CA04D7}</UPI2>
        <UpgradeCode>{00B7C02C-7921-30FE-B1F2-8E61EC4D3984}</UpgradeCode>
        <ConstantId>{FF204CCE-7474-42F1-BAB7-37BC441522AA}</ConstantId>
        <Signature>Z0ZN946ch4GFviuoRxmYer2oPUoZ0A4TA42wDg9RD4Q=</Signature>
    </Identity>
    <Resources/>
    <Configuration>
        <InstallFile type="ADIX" contents="Folder" file="x64/aca/aca.adix"/>
        <AdditionalPackageInfo identifier="{28B89EEF-8104-0000-0102-CF3F3A09B77D}" upgrade="{28B89EEE-8104-0000-0102-CF3F3A09B77D}" version="8.7.49.0">
            <Customizations>
                <InstallPathMappings>
                    <InstallPathMapping source="[{ProgramFilesX64}]\Autodesk\AutoCAD 2025\" target="%ACAD_INSTALL_PATH%"/>
                </InstallPathMappings>
            </Customizations>
        </AdditionalPackageInfo>
        <Attributes diskCost="32419044" majorUpgrade="true" downgrade="false"/>
        <Platforms>
            <Platform name="Windows" architecture="x64" minVersion="10.0.17763" useNTVersion="true"/>
        </Platforms>
        <Languages languageNeutral="true"/>
        <LogFilePath>%tmp%/Autodesk_AutoCAD_Architecture_Core</LogFilePath>
    </Configuration>
    <Payload sizePacked="11099384" sizeUnpacked="11266258">
        <File checkSum="A264784D147C0D8B5F8E6C32BDAEE8C8B9BE8FEB84E0521B875D5DCBE9434D42" sizePacked="11073536" sizeUnpacked="11071518">NetSWDLD/ODIS/prd/2025/ARCHDESK/E2766010-1679-3E65-959E-F987C7CA04D7/pkg.aca0.tar</File>
        <File checkSum="69669D4A65A93F47BD6B8FA5AEDC4374D02BFFAA561E6744E13830F1E169D858" sizePacked="25848" sizeUnpacked="194740">NetSWDLD/ODIS/prd/2025/ARCHDESK/E2766010-1679-3E65-959E-F987C7CA04D7/pkg.aca1.tar.xz</File>
    </Payload>
</Package>
