<?xml version="1.0" encoding="UTF-8" standalone="yes"?>
<Package version="1.0" xsi:schemaLocation="https://emsfs.autodesk.com/schema/manifest/1/0 https://emsfs.autodesk.com/schema/manifest/1/0/manifest.xsd" xmlns="https://emsfs.autodesk.com/schema/manifest/1/0" xmlns:xsi="http://www.w3.org/2001/XMLSchema-instance">
    <Identity>
        <Publisher>Autodesk, Inc.</Publisher>
        <DisplayName>Autodesk AutoCAD Shared 2025 - Italiano (Italian)</DisplayName>
        <PLC>ACD</PLC>
        <Release>2025</Release>
        <BuildNumber>25.0.58.0</BuildNumber>
        <UPI2>{6077B78C-7B69-3B16-95E8-A1FAC947BC15}</UPI2>
        <UpgradeCode>{06819994-7456-3017-92B7-A0FDA146AB86}</UpgradeCode>
        <ConstantId>{CBAC4F49-CC55-4508-A0E4-F1E17B57E4E2}</ConstantId>
        <Signature>iRqHcplFasW0VP/ACM2jZFmphCu7ZBsSQexBrlnb7fo=</Signature>
        <Type>COM</Type>
    </Identity>
    <Resources/>
    <Configuration>
        <InstallFile type="ADIX" contents="File" file="x64/it-IT/acadsharedlp/acadsharedlp.adix"/>
        <AdditionalPackageInfo identifier="{28B89EEF-8101-0410-5102-CF3F3A09B77D}" upgrade="{28B89EEE-8101-0410-5102-CF3F3A09B77D}" version="25.0.58.0" installLocation="%ACAD_INSTALL_PATH%">
            <Customizations>
                <InstallPathMappings>
                    <InstallPathMapping source="[{ProgramFilesX64}]\Autodesk\AutoCAD 2025\" target="%ACAD_INSTALL_PATH%"/>
                </InstallPathMappings>
            </Customizations>
        </AdditionalPackageInfo>
        <Attributes diskCost="18669104" majorUpgrade="true" downgrade="false"/>
        <Platforms>
            <Platform name="Windows" architecture="x64" minVersion="10.0.17763" useNTVersion="true"/>
        </Platforms>
        <Languages>
            <Language langId="it-IT"></Language>
        </Languages>
        <LogFilePath>%tmp%/Autodesk_AutoCAD_Shared_LangPack_it-IT</LogFilePath>
    </Configuration>
    <Payload sizePacked="10608640" sizeUnpacked="10606074">
        <File checkSum="6870782FF4CCAE01F4BB8B3F7CF7189C0FF608EE089AF3EECAECC4D29368E6A4" sizePacked="10608640" sizeUnpacked="10606074">NetSWDLD/ODIS/prd/2025/ACD/6077B78C-7B69-3B16-95E8-A1FAC947BC15/pkg.acadsharedlp.tar</File>
    </Payload>
</Package>
