<?xml version="1.0" encoding="UTF-8" standalone="yes"?>
<Package version="1.0" xsi:schemaLocation="https://emsfs.autodesk.com/schema/manifest/1/0 https://emsfs.autodesk.com/schema/manifest/1/0/manifest.xsd" xmlns="https://emsfs.autodesk.com/schema/manifest/1/0" xmlns:xsi="http://www.w3.org/2001/XMLSchema-instance">
    <Identity>
        <Publisher thirdParty="true">Microsoft, Inc.</Publisher>
        <DisplayName>Windows Performance Toolkit</DisplayName>
        <BuildNumber>10.1.19041.1</BuildNumber>
        <UPI2>{FD439F85-AD64-B3E5-9FC5-444AE8C8AF7B}</UPI2>
        <UpgradeCode>{A8D446B4-7D67-EDC2-F826-CB980D1327C3}</UpgradeCode>
        <ConstantId>{088DFBFB-62C2-47E0-BAEF-439AD0B996AA}</ConstantId>
        <Signature>g4pHFGk9FzNSS7A50T/gHYtyRKesTslqcpqhJucJ8qw=</Signature>
    </Identity>
    <Configuration>
        <InstallFile type="MSI" contents="Folder" file="3rdParty/WPT/WPTx64-x86_en-us.msi">
            <InstallSuccessCodes>
                <SuccessCode>5100</SuccessCode>
                <SuccessCode>1638</SuccessCode>
            </InstallSuccessCodes>
        </InstallFile>
        <AdditionalPackageInfo identifier="{FD439F85-AD64-B3E5-9FC5-444AE8C8AF7B}"/>
        <Attributes diskCost="49144210" ignoreFailure="true" permanent="true"/>
        <Platforms>
            <Platform name="Windows" architecture="x64" minVersion="8.1"/>
        </Platforms>
        <Languages>
            <Language langId="en-US"></Language>
        </Languages>
    </Configuration>
    <Payload sizePacked="18803492" sizeUnpacked="19177472">
        <File checkSum="93CF3CCEB07E3F8BB5D86EF21F4F3CFD4D611A672DC520B82D45B444E0E1A92C" sizePacked="18803492" sizeUnpacked="19177472">NetSWDLD/ODIS/prd/thirdparty/microsoftinc/windowsperformancetoolkit/FD439F85-AD64-B3E5-9FC5-444AE8C8AF7B/pkg.wptx64-x86_en-us0.tar.xz</File>
    </Payload>
</Package>
