<?xml version="1.0" encoding="UTF-8" standalone="yes"?>
<Package version="1.0" xsi:schemaLocation="https://emsfs.autodesk.com/schema/manifest/1/0 https://emsfs.autodesk.com/schema/manifest/1/0/manifest.xsd" xmlns="https://emsfs.autodesk.com/schema/manifest/1/0" xmlns:xsi="http://www.w3.org/2001/XMLSchema-instance">
    <Identity>
        <Publisher>Autodesk, Inc.</Publisher>
        <DisplayName>Autodesk Genuine Service</DisplayName>
        <PLC>AGS</PLC>
        <Release>4.0</Release>
        <BuildNumber envvar="BUILDNUMBER">7.5.0.226</BuildNumber>
        <UPI2>{7C73D8D7-D3E2-4E7C-B506-7B3596130867}</UPI2>
        <UpgradeCode>{9759EED3-17FB-3F78-9BEF-35EA8A679AC5}</UpgradeCode>
        <ConstantId>{EE51E7DC-A46E-471A-8265-8C493119FBE2}</ConstantId>
        <Signature>ghuyy7WH6/sNRm5h2dw2EOjdBakm+h5WGGMOKQd0guM=</Signature>
        <Type>COM</Type>
    </Identity>
    <Resources/>
    <Configuration>
        <InstallFile type="MSI" contents="File" uninstallParams="SUPPRESSNC=TRUE" file="x64/AGS/Autodesk Genuine Service.msi">
            <InstallSuccessCodes>
                <SuccessCode>1603</SuccessCode>
            </InstallSuccessCodes>
        </InstallFile>
        <AdditionalPackageInfo identifier="{D207E870-6397-417E-B7DD-720BFBE589A3}" upgrade="{1206C835-54D6-47B5-A84B-55A35B52B63F}" version="7.5.0.226" installLocation="%PROGRAMFILES%\Autodesk\Genuine Service"/>
        <Attributes diskCost="353016996" majorUpgrade="true" suppressARP="false" useLatestVersion="true" ignoreFailure="true" allowRollback="false"/>
        <Platforms>
            <Platform name="Windows" architecture="x64" minVersion="5.1.2"/>
        </Platforms>
        <Languages languageNeutral="true"/>
        <AutoUpdate enabled="true" forced="true" priority="standard"/>
    </Configuration>
    <Payload sizePacked="153016192" sizeUnpacked="154823680">
        <File checkSum="EB77A57CDD43A1A13D6CAFF6917BEC6909C502BC7DCE38BCDCE8F46B8D1ADC50" sizePacked="153016192" sizeUnpacked="154823680">NetSWDLD/ODIS/prd/4.0/AGS/7C73D8D7-D3E2-4E7C-B506-7B3596130867/pkg.ags.tar.xz</File>
    </Payload>
</Package>
