<?xml version="1.0" encoding="UTF-8" standalone="yes"?>
<Package version="1.0" xsi:schemaLocation="https://emsfs.autodesk.com/schema/manifest/1/0 https://emsfs.autodesk.com/schema/manifest/1/0/manifest.xsd" xmlns="https://emsfs.autodesk.com/schema/manifest/1/0" xmlns:xsi="http://www.w3.org/2001/XMLSchema-instance">
    <Identity>
        <Publisher>Autodesk, Inc.</Publisher>
        <DisplayName>ADP Desktop SDK</DisplayName>
        <PLC>ADPSDK</PLC>
        <Release>2023</Release>
        <BuildNumber>5.1.34.0</BuildNumber>
        <UPI2>{1BFAF339-E081-3EA1-899E-1C227C8D699E}</UPI2>
        <UpgradeCode>{6F9B83D2-E570-3AF0-ABFE-948641FF0226}</UpgradeCode>
        <ConstantId>{4521DF78-8651-48E7-B1D6-39867875CA30}</ConstantId>
        <Signature>6LSg82TDtZ7RqXvqXuSt5eGPUIXMfoQPE3KE+iSPLcE=</Signature>
        <Type>COM</Type>
    </Identity>
    <Resources/>
    <Configuration>
        <InstallFile type="ZIP" contents="Folder" file="x64/AdpSdk/adp-desktop-sdk.zip"/>
        <AdditionalPackageInfo installLocation="%COMMONPROGRAMFILES%/Autodesk/AdpDesktopSDK/bin"/>
        <Attributes diskCost="16000000" majorUpgrade="true" useLatestVersion="true" priority="standard" permanent="true"/>
        <Conditions>
            <Condition messageId="ADP Desktop SDK cannot be installed on this machine." state="NOT_APPLICABLE"><![CDATA[
                (%ADSK_TRUST_LEVEL% & 7) != 0 
            ]]></Condition>
        </Conditions>
        <Platforms>
            <Platform name="Windows" architecture="x64" minVersion="7"/>
        </Platforms>
        <Languages languageNeutral="true"/>
        <CustomCommands>
            <Action path="%INSTALL_SOURCE%/x64/AdpSdk/InstallCustomAction.exe" params="action=pre" type="preInstall"/>
            <Action path="%INSTALL_SOURCE%/x64/AdpSdk/InstallCustomAction.exe" params="action=post" type="postInstall"/>
        </CustomCommands>
        <AutoUpdate enabled="true" forced="true" scheduled="true"/>
    </Configuration>
    <Payload sizePacked="7039300" sizeUnpacked="7310196">
        <File checkSum="02B4B2D381CB1A7BD65D9DD6A2A9FCF5FFFA4311F8F81DC1EDA37E8DCBF03D9A" sizePacked="6845952" sizeUnpacked="6844151">NetSWDLD/ODIS/prd/2023/ADPSDK/1BFAF339-E081-3EA1-899E-1C227C8D699E/pkg.adp-desktop-sdk0.tar</File>
        <File checkSum="EDF0FEB4DFCCDED805D3875FB73ADF6214D1A4BF9AE844F2F742972179CEBEC5" sizePacked="193348" sizeUnpacked="466045">NetSWDLD/ODIS/prd/2023/ADPSDK/1BFAF339-E081-3EA1-899E-1C227C8D699E/pkg.adp-desktop-sdk1.tar.xz</File>
    </Payload>
</Package>
