<?xml version="1.0" encoding="UTF-8" standalone="yes"?>
<Package version="1.0" xsi:schemaLocation="https://emsfs.autodesk.com/schema/manifest/1/0 https://emsfs.autodesk.com/schema/manifest/1/0/manifest.xsd" xmlns="https://emsfs.autodesk.com/schema/manifest/1/0" xmlns:xsi="http://www.w3.org/2001/XMLSchema-instance">
    <Identity>
        <Publisher>Autodesk, Inc.</Publisher>
        <DisplayName>AutoCAD Activity Insights</DisplayName>
        <PLC>ACTINST</PLC>
        <Release>1.0</Release>
        <BuildNumber>25.0.58.0</BuildNumber>
        <UPI2>{E141F225-EF21-3CEF-BC97-FDEC03189517}</UPI2>
        <UpgradeCode>{2D3CF5AD-D41B-3916-AB49-79A95A44995C}</UpgradeCode>
        <ConstantId>{2021F2D5-8F85-31A5-9EF3-9A01BB99BA7F}</ConstantId>
        <Signature>HyfU6hITuNMitkN9d3zg1YLMEU/DktHNImTKGI+G2DU=</Signature>
        <Type>COM</Type>
    </Identity>
    <Resources/>
    <Configuration>
        <InstallFile type="ADIX" contents="Folder" file="x64/dwggraph/dwggraph.adix"/>
        <AdditionalPackageInfo identifier="{D597E909-E508-41BA-9922-D4CF39BF6E26}" upgrade="{D597E909-E508-41BA-9922-D4CF39BF6E26}" version="25.0.58.0" installLocation="%ProgramFiles%\Autodesk\AutoCAD Activity Insights\"/>
        <Attributes diskCost="109096007" majorUpgrade="true" useLatestVersion="true" downgrade="false"/>
        <Conditions>
            <Condition messageId="xx" state="AUTOUPDATE_READY"><![CDATA[NOT(%ADSK_RUNNING_PROC_LIST% CONTAINS %ACAD_INSTALL_PATH%acad.exe) AND NOT(%ADSK_RUNNING_PROC_LIST% CONTAINS %ACADLT_INSTALL_PATH%acadlt.exe) AND NOT(%ADSK_RUNNING_PROC_LIST% CONTAINS "AcEventSync.exe") AND NOT(%ADSK_RUNNING_PROC_LIST% CONTAINS "AcQMod.exe")]]></Condition>
        </Conditions>
        <Platforms>
            <Platform name="Windows" architecture="x64" minVersion="10.0.17763" useNTVersion="true"/>
        </Platforms>
        <Languages languageNeutral="true"/>
        <Properties>
            <Property property="ACAD_INSTALL_PATH" defaultValue="%INSTALL_DEST%\AutoCAD 2025\">
                <RegistrySearch id="SearchInstallLocation" key="SOFTWARE\Autodesk\AutoCAD\R25.0\InstalledProducts" name="" root="HKLM"/>
            </Property>
            <Property property="ADSK_PREVIOUS_INSTALLED_LOCATION" defaultValue="">
                <RegistrySearch id="SearchInstallLocation" key="SOFTWARE\Autodesk\AutoCAD\R25.0\InstalledProducts" name="" root="HKLM"/>
            </Property>
            <Property property="ACADLT_INSTALL_PATH" defaultValue="%INSTALL_DEST%\AutoCAD LT 2025\">
                <RegistrySearch id="SearchInstallLocation" key="SOFTWARE\Autodesk\AutoCAD LT\R31\ACADLT-8101" name="InstallLocation" root="HKLM"/>
            </Property>
        </Properties>
        <CustomCommands>
            <Action path="%INSTALL_SOURCE%\x64\dwggraph\KillProcess.exe" params="AcQmod.exe AcEventSync.exe" type="preInstall"/>
            <Action path="cmd" params="/C taskkill /F /IM AcQmod.exe | exit 0" type="preUninstall"/>
            <Action path="cmd" params="/C taskkill /F /IM AcEventSync.exe | exit 0" type="preUninstall"/>
        </CustomCommands>
        <LogFilePath>%tmp%/Autodesk_AutoCAD_Activity_Insights</LogFilePath>
        <AutoUpdate enabled="true" priority="standard">
            <MonitorProcessList displayName="AutoCAD Activity Insights">
                <Path>%ACAD_INSTALL_PATH%acad.exe</Path>
                <Path>%ACADLT_INSTALL_PATH%acadlt.exe</Path>
                <Path>%ProgramFiles%\Autodesk\AutoCAD Activity Insights\AcEventSync.exe</Path>
                <Path>%ProgramFiles%\Autodesk\AutoCAD Activity Insights\AcQMod.exe</Path>
            </MonitorProcessList>
        </AutoUpdate>
    </Configuration>
    <Payload sizePacked="43466304" sizeUnpacked="43547352">
        <File checkSum="F4DC32115B58343DE1E42A4B5F8FAD11F831E22537734631C46E080C14F35900" sizePacked="43394048" sizeUnpacked="43392263">NetSWDLD/ODIS/prd/1.0/ACTINST/E141F225-EF21-3CEF-BC97-FDEC03189517/pkg.dwggraph0.tar</File>
        <File checkSum="47A04693A65A62EF11E8F4F6FA0E4E567E74B5AAA347048DC8995A6BBC1A280C" sizePacked="72256" sizeUnpacked="155089">NetSWDLD/ODIS/prd/1.0/ACTINST/E141F225-EF21-3CEF-BC97-FDEC03189517/pkg.dwggraph1.tar.xz</File>
    </Payload>
</Package>
