<?xml version="1.0" encoding="UTF-8" standalone="yes"?>
<Package version="1.0" xsi:schemaLocation="https://emsfs.autodesk.com/schema/manifest/1/0 https://emsfs.autodesk.com/schema/manifest/1/0/manifest.xsd" xmlns="https://emsfs.autodesk.com/schema/manifest/1/0" xmlns:xsi="http://www.w3.org/2001/XMLSchema-instance">
    <Identity>
        <Publisher>Autodesk, Inc.</Publisher>
        <DisplayName>ACA &amp; MEP 2025 Object Enabler</DisplayName>
        <PLC>ARCHDESK</PLC>
        <Release>2025</Release>
        <BuildNumber>8.7.49.0</BuildNumber>
        <UPI2>{56F468A8-928A-35F2-BE57-5E51EC91E52C}</UPI2>
        <UpgradeCode>{5CA361FD-1BA7-3681-8C98-4FD433E682C0}</UpgradeCode>
        <ConstantId>{151BF1C9-B05E-4044-A414-732394BB0C72}</ConstantId>
        <Signature>kMt3Q/YFI8JATtScSUtiIvreqj0r/2MGJaiZ5XzOqCw=</Signature>
    </Identity>
    <Resources/>
    <Configuration>
        <InstallFile type="ADIX" contents="Folder" file="x64/acaoe/acaoe.adix"/>
        <AdditionalPackageInfo identifier="{28B89EEF-8104-0000-5102-CF3F3A09B77D}" upgrade="{28B89EEE-8104-0000-5102-CF3F3A09B77D}" version="8.7.49.0">
            <Customizations>
                <InstallPathMappings>
                    <InstallPathMapping source="[{ProgramFilesX64}]\Autodesk\AutoCAD 2025\" target="%ACAD_INSTALL_PATH%"/>
                </InstallPathMappings>
            </Customizations>
        </AdditionalPackageInfo>
        <Attributes diskCost="49655331" majorUpgrade="true" downgrade="false"/>
        <Platforms>
            <Platform name="Windows" architecture="x64" minVersion="10.0.17763" useNTVersion="true"/>
        </Platforms>
        <Languages languageNeutral="true"/>
        <LogFilePath>%tmp%/Autodesk_AutoCAD_Architecture_OE</LogFilePath>
    </Configuration>
    <Payload sizePacked="19299876" sizeUnpacked="19341577">
        <File checkSum="DD557735525745F5E7639319F55D54C4EEB78173F37C9DC033C62A6A1FE1E2C4" sizePacked="19296768" sizeUnpacked="19295171">NetSWDLD/ODIS/prd/2025/ARCHDESK/56F468A8-928A-35F2-BE57-5E51EC91E52C/pkg.acaoe0.tar</File>
        <File checkSum="EEF8C1949D81E69211B66A6FC6BA31487E6260DD36700A9B0549F662DE4874E1" sizePacked="3108" sizeUnpacked="46406">NetSWDLD/ODIS/prd/2025/ARCHDESK/56F468A8-928A-35F2-BE57-5E51EC91E52C/pkg.acaoe1.tar.xz</File>
    </Payload>
</Package>
