<?xml version="1.0" encoding="UTF-8" standalone="yes"?>
<Package version="1.0" xsi:schemaLocation="https://emsfs.autodesk.com/schema/manifest/1/0 https://emsfs.autodesk.com/schema/manifest/1/0/manifest.xsd" xmlns="https://emsfs.autodesk.com/schema/manifest/1/0" xmlns:xsi="http://www.w3.org/2001/XMLSchema-instance">
    <Identity>
        <Publisher>Autodesk, Inc.</Publisher>
        <DisplayName>AutoCAD Architecture 2025 Language Shared - Italiano (Italian)</DisplayName>
        <PLC>ARCHDESK</PLC>
        <Release>2025</Release>
        <BuildNumber>8.7.49.0</BuildNumber>
        <UPI2>{116D2C4E-03E4-3CAC-B8EB-2A568CDCBF58}</UPI2>
        <UpgradeCode>{5D8A4AAE-37DE-3F70-9EBB-F134824331F6}</UpgradeCode>
        <ConstantId>{DF054529-EE82-1308-5DB9-4F0895A8453D}</ConstantId>
        <Signature>gHoaX1g2MB74xR3PdKgvqh7fPucUduHvYt6lLAgPG5s=</Signature>
    </Identity>
    <Resources/>
    <Configuration>
        <InstallFile type="ADIX" contents="File" file="x64/it-IT/acalpshared/acalpshared.adix"/>
        <AdditionalPackageInfo identifier="{28B89EEF-8104-0410-4102-CF3F3A09B77D}" upgrade="{28B89EEE-8104-0410-4102-CF3F3A09B77D}" version="8.7.49.0">
            <Customizations>
                <InstallPathMappings>
                    <InstallPathMapping source="[{ProgramFilesX64}]\Autodesk\AutoCAD 2025\" target="%ACAD_INSTALL_PATH%"/>
                </InstallPathMappings>
            </Customizations>
        </AdditionalPackageInfo>
        <Attributes diskCost="15106392" majorUpgrade="true" downgrade="false"/>
        <Platforms>
            <Platform name="Windows" architecture="x64" minVersion="10.0.17763" useNTVersion="true"/>
        </Platforms>
        <Languages>
            <Language langId="it-IT"></Language>
        </Languages>
        <LogFilePath>%tmp%/Autodesk_AutoCAD_Architecture_LangPackShared_it-IT</LogFilePath>
    </Configuration>
    <Payload sizePacked="3613184" sizeUnpacked="3610584">
        <File checkSum="B68AC4C6458BEBF5EF22D649C6EF9455DE3134895A10B8FEE294D95B49115B65" sizePacked="3613184" sizeUnpacked="3610584">NetSWDLD/ODIS/prd/2025/ARCHDESK/116D2C4E-03E4-3CAC-B8EB-2A568CDCBF58/pkg.acalpshared.tar</File>
    </Payload>
</Package>
