<?xml version="1.0" encoding="UTF-8" standalone="yes"?>
<Package version="1.0" xsi:schemaLocation="https://emsfs.autodesk.com/schema/manifest/1/0 https://emsfs.autodesk.com/schema/manifest/1/0/manifest.xsd" xmlns="https://emsfs.autodesk.com/schema/manifest/1/0" xmlns:xsi="http://www.w3.org/2001/XMLSchema-instance">
    <Identity>
        <Publisher>Autodesk, Inc.</Publisher>
        <DisplayName>AutoCAD Architecture 2025 Language Core - Italiano (Italian)</DisplayName>
        <PLC>ARCHDESK</PLC>
        <Release>2025</Release>
        <BuildNumber>8.7.49.0</BuildNumber>
        <UPI2>{9D0D92D5-1812-37B6-8225-80E13A451E02}</UPI2>
        <UpgradeCode>{4C069DD8-1DF4-342A-A03F-AE2537122941}</UpgradeCode>
        <ConstantId>{D0B73F5E-1F65-2781-57BB-1E517CC1EFFD}</ConstantId>
        <Signature>GfsZAtEDXJrHgzXmILxBr6NQLnwGCcGIO0UYKN5eVg4=</Signature>
    </Identity>
    <Resources/>
    <Configuration>
        <InstallFile type="ADIX" contents="File" file="x64/it-IT/acalp/acalp.adix"/>
        <AdditionalPackageInfo identifier="{28B89EEF-8104-0410-1102-CF3F3A09B77D}" upgrade="{28B89EEE-8104-0410-1102-CF3F3A09B77D}" version="8.7.49.0">
            <Customizations>
                <InstallPathMappings>
                    <InstallPathMapping source="[{ProgramFilesX64}]\Autodesk\AutoCAD 2025\" target="%ACAD_INSTALL_PATH%"/>
                </InstallPathMappings>
            </Customizations>
        </AdditionalPackageInfo>
        <Attributes diskCost="9511517" majorUpgrade="true" downgrade="false"/>
        <Platforms>
            <Platform name="Windows" architecture="x64" minVersion="10.0.17763" useNTVersion="true"/>
        </Platforms>
        <Languages>
            <Language langId="it-IT"></Language>
        </Languages>
        <LogFilePath>%tmp%/Autodesk_AutoCAD_Architecture_LangPack_it-IT</LogFilePath>
    </Configuration>
    <Payload sizePacked="2912768" sizeUnpacked="2910681">
        <File checkSum="00D5B089ACE305B3FDBF6DF3D5C101C60AAECFB37F46D2CD10C1F0B9586FE645" sizePacked="2912768" sizeUnpacked="2910681">NetSWDLD/ODIS/prd/2025/ARCHDESK/9D0D92D5-1812-37B6-8225-80E13A451E02/pkg.acalp.tar</File>
    </Payload>
</Package>
