<?xml version="1.0" encoding="UTF-8" standalone="yes"?>
<Package version="1.0" xsi:schemaLocation="https://emsfs.autodesk.com/schema/manifest/1/0 https://emsfs.autodesk.com/schema/manifest/1/0/manifest.xsd" xmlns="https://emsfs.autodesk.com/schema/manifest/1/0" xmlns:xsi="http://www.w3.org/2001/XMLSchema-instance">
    <Identity>
        <Publisher>Autodesk, Inc.</Publisher>
        <DisplayName>Autodesk Featured Apps</DisplayName>
        <PLC>ACD</PLC>
        <Release>3.0</Release>
        <BuildNumber>3.5.4.0</BuildNumber>
        <UPI2>{6654CECB-E47F-4D2F-A0AC-A5DD81D1D832}</UPI2>
        <UpgradeCode>{B7EF67A3-9682-3E23-A369-9FC99B083CB1}</UpgradeCode>
        <ConstantId>{E8F76C76-E2D2-3DEE-940C-8D9D627948A2}</ConstantId>
        <Signature>m3Mfi/3G32BAlbG4adDjFj4EDYRFUvPJwD7z+bedSik=</Signature>
        <Type>COM</Type>
    </Identity>
    <Resources/>
    <Configuration>
        <InstallFile type="MSI" contents="File" file="x64/featuredapps/autodeskfeaturedapps.msi"/>
        <AdditionalPackageInfo identifier="{1C1EB2C3-A7AE-4675-ADEF-F5359C77DA0E}" upgrade="{DE2C68E3-4D85-45F6-849B-A1D28260F3B6}" version="3.5.4"/>
        <Attributes diskCost="18197608" majorUpgrade="true" suppressARP="false" useLatestVersion="true" permanent="true"/>
        <Conditions>
            <Condition messageId="xx" state="NOT_APPLICABLE"><![CDATA[ %OPT_FEATUREDAPPS_INSTALL% = 0 ]]></Condition>
        </Conditions>
        <Platforms>
            <Platform name="Windows" architecture="x64" minVersion="10.0.17763" useNTVersion="true"/>
        </Platforms>
        <Languages languageNeutral="true"/>
        <Properties>
            <Property property="OPT_FEATUREDAPPS_INSTALL" defaultValue="1"/>
        </Properties>
        <LogFilePath>%tmp%/Autodesk_autodeskfeaturedapps</LogFilePath>
    </Configuration>
    <Payload sizePacked="903656" sizeUnpacked="2646528">
        <File checkSum="7A4E8E8DFF2FC7AF198271B2FF830ED5CD2103CA1725E15C40F6F8128F89F269" sizePacked="903656" sizeUnpacked="2646528">NetSWDLD/ODIS/prd/3.0/ACD/6654CECB-E47F-4D2F-A0AC-A5DD81D1D832/pkg.autodeskfeaturedapps.tar.xz</File>
    </Payload>
</Package>
