<?xml version="1.0" encoding="UTF-8" standalone="yes"?>
<Package version="1.0" xsi:schemaLocation="https://emsfs.autodesk.com/schema/manifest/1/0 https://emsfs.autodesk.com/schema/manifest/1/0/manifest.xsd" xmlns="https://emsfs.autodesk.com/schema/manifest/1/0" xmlns:xsi="http://www.w3.org/2001/XMLSchema-instance">
    <Identity>
        <Publisher>Autodesk, Inc.</Publisher>
        <DisplayName>AutoCAD BlockIndexer 2025</DisplayName>
        <PLC>SMTBLKS</PLC>
        <Release>2025</Release>
        <BuildNumber>25.0.58.0</BuildNumber>
        <UPI2>{4B0B8A50-1760-322C-9DB7-C504ADA3880C}</UPI2>
        <UpgradeCode>{B8F7160E-E899-3C13-9C26-95D31073A319}</UpgradeCode>
        <ConstantId>{AA79004B-1734-3138-9603-A8A79A7B00D1}</ConstantId>
        <Signature>bs+TRogPYK3tRo4aOOsyS9WUvzRNzglOMrSJPx5vq8c=</Signature>
        <Type>COM</Type>
    </Identity>
    <Resources/>
    <Configuration>
        <InstallFile type="ADIX" contents="Folder" file="x64/blockreplace/blockreplace.adix"/>
        <AdditionalPackageInfo identifier="{647064E7-A223-4D06-8109-862A128A2409}" upgrade="{647064E7-A223-4D06-8109-862A128A2409}" version="25.0.58.0" installLocation="%ACAD_INSTALL_PATH%">
            <Customizations>
                <InstallPathMappings>
                    <InstallPathMapping source="[{ProgramFilesX64}]\Autodesk\AutoCAD 2025\" target="%ACAD_INSTALL_PATH%"/>
                </InstallPathMappings>
            </Customizations>
        </AdditionalPackageInfo>
        <Attributes diskCost="184054114" majorUpgrade="true" useLatestVersion="true" downgrade="false"/>
        <Conditions>
            <Condition messageId="xx" state="AUTOUPDATE_READY"><![CDATA[NOT(%ADSK_RUNNING_PROC_LIST% CONTAINS %ACAD_INSTALL_PATH%acad.exe)]]></Condition>
        </Conditions>
        <Platforms>
            <Platform name="Windows" architecture="x64" minVersion="10.0.17763" useNTVersion="true"/>
        </Platforms>
        <Languages languageNeutral="true"/>
        <Properties>
            <Property property="ACAD_INSTALL_PATH" defaultValue="%INSTALL_DEST%\AutoCAD 2025\">
                <RegistrySearch id="SearchInstallLocation" key="SOFTWARE\Autodesk\AutoCAD\R25.0\InstalledProducts" name="" root="HKLM"/>
            </Property>
            <Property property="ADSK_PREVIOUS_INSTALLED_LOCATION" defaultValue="">
                <RegistrySearch id="SearchInstallLocation" key="SOFTWARE\Autodesk\AutoCAD\R25.0\InstalledProducts" name="" root="HKLM"/>
            </Property>
        </Properties>
        <LogFilePath>%tmp%/Autodesk_AutoCAD_BlockIndexer</LogFilePath>
        <AutoUpdate enabled="true" priority="standard">
            <MonitorProcessList displayName="AutoCAD 2025">
                <Path>%ACAD_INSTALL_PATH%acad.exe</Path>
            </MonitorProcessList>
        </AutoUpdate>
    </Configuration>
    <Payload sizePacked="152090728" sizeUnpacked="152091326">
        <File checkSum="EA8C4EDCC7C9C04BD08032A55A8218F96BBC3D5002DD9E151E112A04B3AB7367" sizePacked="152089600" sizeUnpacked="152087732">NetSWDLD/ODIS/prd/2025/SMTBLKS/4B0B8A50-1760-322C-9DB7-C504ADA3880C/pkg.blockreplace0.tar</File>
        <File checkSum="F5C1F2A4B10E8C73309FC37FFE91ACA83D0BA4F3687EEAC2115F27672EE7F990" sizePacked="1128" sizeUnpacked="3594">NetSWDLD/ODIS/prd/2025/SMTBLKS/4B0B8A50-1760-322C-9DB7-C504ADA3880C/pkg.blockreplace1.tar.xz</File>
    </Payload>
</Package>
