<?xml version="1.0" encoding="UTF-8" standalone="yes"?>
<Package version="1.0" xsi:schemaLocation="https://emsfs.autodesk.com/schema/manifest/1/0 https://emsfs.autodesk.com/schema/manifest/1/0/manifest.xsd" xmlns="https://emsfs.autodesk.com/schema/manifest/1/0" xmlns:xsi="http://www.w3.org/2001/XMLSchema-instance">
    <Identity>
        <Publisher thirdParty="true">Microsoft, Inc.</Publisher>
        <DisplayName>Microsoft Visual C++ 2015-2022 Redistributable (x64)</DisplayName>
        <BuildNumber>14.38.33130.0</BuildNumber>
        <UPI2>{B8384B24-6173-4F61-9875-95C91ACF5525}</UPI2>
        <UpgradeCode>{599FAF62-5786-4D71-B461-6CC013D3F045}</UpgradeCode>
        <ConstantId>{756E4FE2-297A-4124-ADE4-5DB627756346}</ConstantId>
        <Signature>5zNpviieGJ1xAHMiHeFxpcwiFcQisVzWqjMYhWQe6s8=</Signature>
    </Identity>
    <Configuration>
        <InstallFile type="EXE" contents="File" installParams="/q /norestart" file="3rdParty/x64/VCRedist/2022/VC_redist.x64.exe">
            <InstallSuccessCodes>
                <SuccessCode>5100</SuccessCode>
                <SuccessCode>1638</SuccessCode>
            </InstallSuccessCodes>
        </InstallFile>
        <AdditionalPackageInfo/>
        <Attributes diskCost="55002244" useLatestVersion="true" ignoreFailure="true" permanent="true"/>
        <Conditions>
            <Condition messageId="xx" state="INSTALLED"><![CDATA[( v14.38.33130.0 < %VCREDIST_CHECK_2022_X64% ) OR ( v14.38.33130.0 = %VCREDIST_CHECK_2022_X64% )]]></Condition>
        </Conditions>
        <Platforms>
            <Platform name="Windows" architecture="x64" minVersion="8.1"/>
        </Platforms>
        <Languages languageNeutral="true"/>
        <Properties>
            <Property property="VCREDIST_CHECK_2022_X64">
                <RegistrySearch id="VCRedist2022x64" key="SOFTWARE\Microsoft\VisualStudio\14.0\VC\Runtimes\x64" name="version" root="HKLM"/>
            </Property>
        </Properties>
    </Configuration>
    <Payload sizePacked="23529212" sizeUnpacked="25424536">
        <File checkSum="31D2644B31EE0DA836F86A372A6C767ABC1AE86AAF4283F5D82B927332876831" sizePacked="23529212" sizeUnpacked="25424536">NetSWDLD/ODIS/prd/thirdparty/microsoftinc/microsoftvisualc20152022redistributablex64/B8384B24-6173-4F61-9875-95C91ACF5525/pkg.vcredist2022x64.tar.xz</File>
    </Payload>
</Package>
