<?xml version="1.0" encoding="UTF-8" standalone="yes"?>
<Package version="1.0" xsi:schemaLocation="https://emsfs.autodesk.com/schema/manifest/1/0 https://emsfs.autodesk.com/schema/manifest/1/0/manifest.xsd" xmlns="https://emsfs.autodesk.com/schema/manifest/1/0" xmlns:xsi="http://www.w3.org/2001/XMLSchema-instance">
    <Identity>
        <Publisher>Autodesk, Inc.</Publisher>
        <DisplayName>Autodesk Interoperability Engine Manager</DisplayName>
        <PLC>HIVE</PLC>
        <Release>1.0</Release>
        <BuildNumber envvar="HIVE_BUILD_NUMBER">1.2.4.16</BuildNumber>
        <UPI2>{3B8A5F5F-B4D4-43A7-AA9E-29F5A320DD52}</UPI2>
        <UpgradeCode>{DC7A5FA4-8F9E-3D2A-81BC-2940DE30B370}</UpgradeCode>
        <ConstantId>{082D6290-1902-4322-ADCD-91EEB989229D}</ConstantId>
        <Signature>Nub8kG6f1BMWHmvYyWwPnT4P3JmLG3MlgQqXA/R2jXw=</Signature>
        <Type>COM</Type>
    </Identity>
    <Resources/>
    <Configuration>
        <InstallFile type="MSI" contents="File" installParams="" file="x64/HIVE/adsk-hive-host.msi"/>
        <AdditionalPackageInfo identifier="{20367815-2E3A-3CF1-ACAD-040B301FC2A7}" upgrade="{D8B2D6FC-CAAC-4B17-9FA0-9B223BDBC57C}" version="1.2.4.16" noTargets="true">
            <uninstallCommand path="%CommonProgramFiles%/Autodesk Shared/Interoperability Engine Manager/adsk_hive_uninstaller.exe" params=""/>
        </AdditionalPackageInfo>
        <Attributes diskCost="30240363" majorUpgrade="true" useLatestVersion="true"/>
        <Platforms>
            <Platform name="Windows" architecture="x64" minVersion="5.1.2"/>
        </Platforms>
        <Languages>
            <Language langId="en-US"></Language>
        </Languages>
        <AutoUpdate enabled="true" priority="standard"/>
    </Configuration>
    <Dependencies>
        <Package installAs="core" name="VCREDIST2022X64" external="true" path="3rdParty/x64/VCRedist/2022/pkg.vcredist2022x64.xml" upi2="{EDF88DCB-D7A8-48BE-904D-3F5C24D6C421}" upgradeCode="{599FAF62-5786-4D71-B461-6CC013D3F045}"/>
    </Dependencies>
    <Payload sizePacked="10402588" sizeUnpacked="11460608">
        <File checkSum="8CF7F794AD20C4EE0D3788FA7522A0F2E6BDEBC71030C601EACBB3F4A2FCF1E9" sizePacked="10402588" sizeUnpacked="11460608">NetSWDLD/ODIS/prd/1.0/HIVE/3B8A5F5F-B4D4-43A7-AA9E-29F5A320DD52/pkg.hive.tar.xz</File>
    </Payload>
</Package>
