<?xml version="1.0" encoding="UTF-8" standalone="yes"?>
<Package xmlns="https://emsfs.autodesk.com/schema/manifest/1/0" xmlns:xsi="http://www.w3.org/2001/XMLSchema-instance" version="1.0" xsi:schemaLocation="https://emsfs.autodesk.com/schema/manifest/1/0 https://emsfs.autodesk.com/schema/manifest/1/0/manifest.xsd">
  <Identity>
    <Publisher thirdParty="true">Microsoft, Inc.</Publisher>
    <DisplayName>Microsoft ASP.NET Core Runtime 8.0.11 (x64)</DisplayName>
    <BuildNumber>8.0.11.24521</BuildNumber>
    <UPI2>{7CDDC397-88A9-42E3-8979-B7DC3F2EC50F}</UPI2>
    <UpgradeCode>{875FD6EE-BEDC-48DD-93A4-E41A047E7EC5}</UpgradeCode>
    <ConstantId>{158B3A55-3E7E-4B8F-848C-0AF8033CEA76}</ConstantId>
    <Signature>J8MQ5JZ/mD2IRlFixkl1Skf9ZI7/CYqwqmirPPHeaiU=</Signature>
    <Revision>4</Revision>
  </Identity>
  <Configuration>
    <InstallFile contents="File" file="3rdParty/x64/aspNetCore/80/aspnetcore-runtime-8.0.11-win-x64.exe" installParams="/q /norestart" type="EXE">
      <InstallSuccessCodes>
        <SuccessCode>1638</SuccessCode>
      </InstallSuccessCodes>
    </InstallFile>
    <AdditionalPackageInfo/>
    <Attributes diskCost="30000000" ignoreFailure="true" majorUpgrade="true" permanent="true" useLatestVersion="true"/>
    <Platforms>
      <Platform architecture="x64" minVersion="8.1" name="Windows"/>
    </Platforms>
    <Languages languageNeutral="true"/>
  </Configuration>
  <Payload sizePacked="10197928" sizeUnpacked="10485960">
    <File checkSum="255D5E6AA2DE2941850F1361F7F0E8357649072916B35CB6D7CC6B6CDBE84401" sizePacked="10197928" sizeUnpacked="10485960">NetSWDLD/ODIS/prd/thirdparty/microsoftinc/microsoftaspnetcoreruntime8011x64/7CDDC397-88A9-42E3-8979-B7DC3F2EC50F/pkg.aspnet80x64.tar.xz</File>
  </Payload>
</Package>
