<?xml version="1.0" encoding="UTF-8" standalone="yes"?>
<BundleExtension xsi:schemaLocation="" xmlns="https://emsfs.autodesk.com/schema/manifestext/1/0" xmlns:xsi="http://www.w3.org/2001/XMLSchema-instance">
    <Add>
        <Packages>
            <Package name="AutoCAD 2025.1.1 Update 64-Bit" path="setup.xml" upi2="{D5072997-A975-3C4B-B1BB-9CFE97704608}" sourceDir="9d8">
                <Dependencies>
                    <Package upi2="{49B29509-57BA-366F-84CE-27D1E6D14B83}"/>
                </Dependencies>
            </Package>
        </Packages>
    </Add>
    <Replace>
        <Packages/>
    </Replace>
</BundleExtension>
