<?xml version="1.0" encoding="UTF-8" standalone="yes"?>
<Bundle version="1.0" xsi:schemaLocation="https://emsfs.autodesk.com/schema/manifest/1/0 https://emsfs.autodesk.com/schema/manifest/1/0/manifest.xsd" xmlns="https://emsfs.autodesk.com/schema/manifest/1/0" xmlns:xsi="http://www.w3.org/2001/XMLSchema-instance">
    <Identity>
        <Publisher>Autodesk, Inc.</Publisher>
        <DisplayName>Autodesk AutoCAD 2025 - Italiano (Italian)</DisplayName>
        <PLC>ACD</PLC>
        <Release>2025</Release>
        <BuildNumber>25.0.58.0</BuildNumber>
        <UPI2>{7EAC0FB5-66C9-394E-965A-BD140F4AF008}</UPI2>
        <UpgradeCode>{B0CBC226-EA7F-3FB7-8325-775D1162062B}</UpgradeCode>
        <ConstantId>{34DC1740-D3EF-4925-9048-E08F4A6C502F}</ConstantId>
        <Signature>7JO115aLi9jnzK24zPw0xOqJKZ9o9O2qSsjlY0ZOd4I=</Signature>
        <Type>PRD</Type>
    </Identity>
    <Resources>
        <Files>
            <File id="featureJson">SetupRes/feature.json</File>
        </Files>
        <LocalizedResources>SetupRes/locale/%setuplang%/setup.xml</LocalizedResources>
        <Images>
            <Image id="ProductIconImage">SetupRes/icons/acad.svg</Image>
            <Image id="ProductBrandImage">SetupRes/branding/acad.png</Image>
            <Image id="ProductLogoImage">SetupRes/icons/acad.ico</Image>
            <Image id="ProductARPIcon">SetupRes/icons/acad.ico</Image>
        </Images>
        <UIStyle style="Rosetta.Dark"/>
    </Resources>
    <Configuration>
        <Conditions>
            <Condition messageId="AcadStillRunning" state="RUNNING"><![CDATA[(%ADSK_RUNNING_PROC_LIST% CONTAINS acad.exe)]]></Condition>
            <Condition messageId="xx" state="NOT_RECOMMENDED" type="SYSTEM_REQUIREMENT"><![CDATA[( %ADSK_MEMORY_RAM% < 4) ]]></Condition>
            <Condition messageId="xx" state="NOT_APPLICABLE" type="SYSTEM_REQUIREMENT"><![CDATA[( %ADSK_MEMORY_RAM% < 2) ]]></Condition>
            <Condition messageId="xx" state="NOT_APPLICABLE" type="SYSTEM_REQUIREMENT"><![CDATA[( %GRAPHICS_FEATURE_LEVEL% < 30 )]]></Condition>
            <Condition messageId="hasInstalled" state="INSTALLED"><![CDATA[((%ADSK_WIN_INSTALLED_MSI% CONTAINS {28B89EEF-8101-0410-2102-CF3F3A09B77D}) AND (NOT(%ACAD_PRD_INSTALLED_VER% = 25.0.58.0)))]]></Condition>
        </Conditions>
        <Attributes/>
        <AdditionalBundleInfo/>
        <Platforms>
            <Platform name="Windows" architecture="x64" minVersion="10.0.17763" useNTVersion="true"/>
        </Platforms>
        <Languages>
            <Language langId="it-IT"></Language>
        </Languages>
        <Properties>
            <Property property="GRAPHICS_FEATURE_LEVEL">
                <GraphicsCheck/>
            </Property>
            <Property property="ACAD_INSTALL_PATH" defaultValue="%INSTALL_DEST%\AutoCAD 2025\">
                <RegistrySearch id="SearchInstallLocation" key="SOFTWARE\Autodesk\AutoCAD\R25.0\InstalledProducts" name="" root="HKLM"/>
            </Property>
            <Property property="ADSK_PREVIOUS_INSTALLED_LOCATION" defaultValue="">
                <RegistrySearch id="SearchInstallLocation" key="SOFTWARE\Autodesk\AutoCAD\R25.0\InstalledProducts" name="" root="HKLM"/>
            </Property>
            <Property property="ACAD_PRD_INSTALLED_VER">
                <MsiSearch name="VersionString" productCode="{28B89EEF-8101-0410-2102-CF3F3A09B77D}"/>
            </Property>
        </Properties>
        <Media>
            <Disk diskLabel="acad2025" diskPromptId="DiskPrompt" defaultDisk="true"></Disk>
        </Media>
    </Configuration>
    <Settings>
        <Setting name="SUPPORT_CONTENT_ROOT" defaultVal="" deployment="true" standalone="false"><![CDATA[]]></Setting>
        <Setting name="SUPPORT_CONTENT_CUSTOM_PATH" defaultVal="" deployment="true" standalone="false"><![CDATA[]]></Setting>
        <Setting name="USE_PREVIOUS_INSTALLED_LOCATION" defaultVal="true" deployment="true" standalone="true"><![CDATA[]]></Setting>
        <Setting name="LOCKSECURITYSETTINGS" defaultVal="0" deployment="true" standalone="false"><![CDATA[]]></Setting>
        <Setting name="SECURELOAD" defaultVal="1" deployment="true" standalone="false"><![CDATA[]]></Setting>
        <Setting name="ACADProfile_TrustedPaths" defaultVal="" deployment="true" standalone="false"><![CDATA[]]></Setting>
        <Setting name="LEGACYCODESEARCH" defaultVal="0" deployment="true" standalone="false"><![CDATA[]]></Setting>
        <Setting name="ACADLspAsDoc" defaultVal="#0" deployment="true" standalone="false"><![CDATA[]]></Setting>
        <Setting name="ACOMP_EXPRESS_TOOLS" defaultVal="1" deployment="true" standalone="false"><![CDATA[]]></Setting>
        <Setting name="ACOMP_MIGRATE" defaultVal="1" deployment="true" standalone="false"><![CDATA[]]></Setting>
        <Setting name="ACAD_USE_ONLINE_CONTENT" defaultVal="#1" deployment="true" standalone="false"><![CDATA[]]></Setting>
        <Setting name="ACAD_ENABLE_SEND_PC_NAME" defaultVal="#1" deployment="true" standalone="false"><![CDATA[]]></Setting>
        <Setting name="ACAD_ENABLE_ROUNDTRIP" defaultVal="#1" deployment="true" standalone="false"><![CDATA[]]></Setting>
        <Setting name="ADSK_DESKTOPSHORTCUT_1" defaultVal="1" deployment="true" standalone="false"><![CDATA[]]></Setting>
    </Settings>
    <Applications>
        <Application sequence="1" launchApp="true" installAs="core" name="AutoCAD 2025" external="false" path="manifest/app.acad.it-IT.xml" upi2="{2A317EB6-B5A2-35D7-AE43-2307E41A228A}" upgradeCode="{9E39EA18-6FB4-3073-8FD0-EBBE7F265D05}"/>
    </Applications>
    <Payload sizePacked="567968" sizeUnpacked="914492">
        <File checkSum="FAEFCB536C5BD7ED5A0477CB3B04F26D6D6141AEEFB6BB8ABD2315E24661ACFA" sizePacked="567968" sizeUnpacked="914492">NetSWDLD/ODIS/prd/2025/ACD/7EAC0FB5-66C9-394E-965A-BD140F4AF008/setup.tar.xz</File>
    </Payload>
</Bundle>
