<?xml version="1.0" encoding="UTF-8" standalone="yes"?>
<Package version="1.0" xsi:schemaLocation="https://emsfs.autodesk.com/schema/manifest/1/0 https://emsfs.autodesk.com/schema/manifest/1/0/manifest.xsd" xmlns="https://emsfs.autodesk.com/schema/manifest/1/0" xmlns:xsi="http://www.w3.org/2001/XMLSchema-instance">
    <Identity>
        <Publisher>Autodesk, Inc.</Publisher>
        <DisplayName>Autodesk AutoCAD 2025 - Italiano (Italian)</DisplayName>
        <PLC>ACD</PLC>
        <Release>2025</Release>
        <BuildNumber>25.0.58.0</BuildNumber>
        <UPI2>{B64D74AA-7B74-3B62-8561-10F4A6C3798B}</UPI2>
        <UpgradeCode>{AC5F36B8-02C1-3D1A-B4C4-D1D790E08A24}</UpgradeCode>
        <ConstantId>{A85C5DF6-FD10-490B-8A74-A3E97598FC7B}</ConstantId>
        <Signature>xHpT2U24ak3VEE0XsYaieZxTTl27VLA2S4VYv4KLbXU=</Signature>
        <Type>COM</Type>
    </Identity>
    <Resources/>
    <Configuration>
        <InstallFile type="ADIX" contents="File" file="x64/it-IT/acadlp/acadlp.adix"/>
        <AdditionalPackageInfo identifier="{28B89EEF-8101-0410-1102-CF3F3A09B77D}" upgrade="{28B89EEE-8101-0410-1102-CF3F3A09B77D}" version="25.0.58.0" installLocation="%ACAD_INSTALL_PATH%">
            <Customizations>
                <InstallPathMappings>
                    <InstallPathMapping source="[{ProgramFilesX64}]\Autodesk\AutoCAD 2025\" target="%ACAD_INSTALL_PATH%"/>
                </InstallPathMappings>
            </Customizations>
        </AdditionalPackageInfo>
        <Attributes diskCost="98667824" majorUpgrade="true" downgrade="false"/>
        <Platforms>
            <Platform name="Windows" architecture="x64" minVersion="10.0.17763" useNTVersion="true"/>
        </Platforms>
        <Languages>
            <Language langId="it-IT"></Language>
        </Languages>
        <Properties>
            <Property property="UPIPRODUCTVERSION" defaultValue="25.0.58.0.0"/>
        </Properties>
        <LogFilePath>%tmp%/Autodesk_AutoCAD_LangPack_it-IT</LogFilePath>
    </Configuration>
    <Payload sizePacked="27385344" sizeUnpacked="27382547">
        <File checkSum="5BD8E11A2ED39FB7CE00DFF3AE20654D739237D1F517D2E625485B041CC52C3B" sizePacked="27385344" sizeUnpacked="27382547">NetSWDLD/ODIS/prd/2025/ACD/B64D74AA-7B74-3B62-8561-10F4A6C3798B/pkg.acadlp.tar</File>
    </Payload>
</Package>
