<?xml version="1.0" encoding="UTF-8" standalone="yes"?>
<Package version="1.0" xsi:schemaLocation="https://emsfs.autodesk.com/schema/manifest/1/0 https://emsfs.autodesk.com/schema/manifest/1/0/manifest.xsd" xmlns="https://emsfs.autodesk.com/schema/manifest/1/0" xmlns:xsi="http://www.w3.org/2001/XMLSchema-instance">
    <Identity>
        <Publisher>Autodesk, Inc.</Publisher>
        <DisplayName>Autodesk Save to Web and Mobile</DisplayName>
        <PLC>ACD</PLC>
        <Release>3.0</Release>
        <BuildNumber>3.1.6.0</BuildNumber>
        <UPI2>{87798A9F-4B94-49F7-BF19-2777977A459B}</UPI2>
        <UpgradeCode>{5EB6C9BD-AC17-3DDB-95B2-CD68D564EDA8}</UpgradeCode>
        <ConstantId>{798D4915-9431-372C-9E46-D614A95DB788}</ConstantId>
        <Signature>YCP4QKBMI64vTR1Rl7BQd4HPQtpyD7b5OvFnWN45bHM=</Signature>
        <Type>COM</Type>
    </Identity>
    <Resources/>
    <Configuration>
        <InstallFile type="MSI" contents="File" file="x64/savetowebandmobile/autodesksavetowebandmobile.msi"/>
        <AdditionalPackageInfo identifier="{568C3A13-A622-4B87-91DE-419F5FA8E1E1}" upgrade="{7DE2392C-408E-48AF-A7F6-48E9E1CD6D05}" version="3.1.6"/>
        <Attributes diskCost="35221724" majorUpgrade="true" suppressARP="false" useLatestVersion="true" permanent="true"/>
        <Conditions>
            <Condition messageId="xx" state="NOT_APPLICABLE"><![CDATA[ %OPT_SAVETOWEBANDMOBILE_INSTALL% = 0 ]]></Condition>
        </Conditions>
        <Platforms>
            <Platform name="Windows" architecture="x64" minVersion="10.0.17763" useNTVersion="true"/>
        </Platforms>
        <Languages languageNeutral="true"/>
        <Properties>
            <Property property="OPT_SAVETOWEBANDMOBILE_INSTALL" defaultValue="1"/>
        </Properties>
        <LogFilePath>%tmp%/Autodesk_savetowebandmobile</LogFilePath>
    </Configuration>
    <Payload sizePacked="6386948" sizeUnpacked="8130048">
        <File checkSum="53FD0B1B256FB06086C416C6C1BA5280F2AF79E71762E53DC4F9F3912CFE2709" sizePacked="6386948" sizeUnpacked="8130048">NetSWDLD/ODIS/prd/3.0/ACD/87798A9F-4B94-49F7-BF19-2777977A459B/pkg.autodesksavetowebandmobile.tar.xz</File>
    </Payload>
</Package>
