<?xml version="1.0" encoding="UTF-8" standalone="yes"?>
<Package xmlns="https://emsfs.autodesk.com/schema/manifest/1/0" xmlns:xsi="http://www.w3.org/2001/XMLSchema-instance" version="1.0" xsi:schemaLocation="https://emsfs.autodesk.com/schema/manifest/1/0 https://emsfs.autodesk.com/schema/manifest/1/0/manifest.xsd">
  <Identity>
    <Publisher>Autodesk, Inc.</Publisher>
    <DisplayName>ACAD Private</DisplayName>
    <PLC>ACD</PLC>
    <Release>2025</Release>
    <BuildNumber>25.0.58.0</BuildNumber>
    <UPI2>{6B0CEC3E-4E4D-40E8-9BEA-D1F3708ED5B8}</UPI2>
    <UpgradeCode>{F7AB09D7-5B8C-3CEF-81FF-5D17ABEB8956}</UpgradeCode>
    <ConstantId>{33D29D7D-92F2-3468-87C7-086783A04C2C}</ConstantId>
    <Signature>A18KaiM8TzIeQexdArKt3vnb1avYnQJ5TNDGDLrwWr4=</Signature>
    <Revision>2</Revision>
    <Type>COM</Type>
  </Identity>
  <Resources/>
  <Configuration>
    <InstallFile contents="Folder" file="x64/acadprivate/acadprivate.msi" type="MSI"/>
    <AdditionalPackageInfo identifier="{28B89EEF-8101-0000-3102-CF3F3A09B77D}" installLocation="%ACAD_INSTALL_PATH%" upgrade="{28B89EEE-8101-0000-3102-CF3F3A09B77D}" version="25.0.58.0">
      <MsiTransform>
        <MsiProperties>
          <MsiProperty name="ADLM_PRODKEY" value="%ADLM_PRODKEY%"/>
          <MsiProperty name="ACADSERIALPREFIX" value="%ACADSERIALPREFIX%"/>
          <MsiProperty name="ACADSERIALNUMBER" value="%ACADSERIALNUMBER%"/>
          <MsiProperty name="ACADSTANDALONENETWORKTYPE" value="%ACADSTANDALONENETWORKTYPE%"/>
          <MsiProperty name="NIWSELECTION" value="%NIWSELECTION%"/>
          <MsiProperty name="ACADLICENSESERVERTYPE" value="%ACADLICENSESERVERTYPE%"/>
          <MsiProperty name="ACADSERVERPATH" value="%ACADSERVERPATH%"/>
          <MsiProperty name="ADLM_EULA_COUNTRY" value="%ADLM_EULA_COUNTRY%"/>
          <MsiProperty name="LOCKSECURITYSETTINGS" value="%LOCKSECURITYSETTINGS%"/>
          <MsiProperty name="LEGACYCODESEARCH" value="%LEGACYCODESEARCH%"/>
          <MsiProperty name="SECURELOAD" value="%SECURELOAD%"/>
          <MsiProperty name="ACADProfile_TrustedPaths" value="%ACADProfile_TrustedPaths%"/>
          <MsiProperty name="ACAD_USE_ONLINE_CONTENT" value="%ACAD_USE_ONLINE_CONTENT%"/>
        </MsiProperties>
      </MsiTransform>
    </AdditionalPackageInfo>
    <Attributes diskCost="320844"/>
    <Platforms>
      <Platform architecture="x64" minVersion="10.0.17763" name="Windows" useNTVersion="true"/>
    </Platforms>
    <Languages languageNeutral="true"/>
    <LogFilePath>%tmp%/Autodesk_AutoCAD_Private</LogFilePath>
  </Configuration>
  <Dependencies>
    <Package external="false" installAs="core" name="AutoCAD 2025" path="x64/acad/pkg.acad.xml" upgradeCode="{DC74F5E1-CA24-3AF7-92EF-B2C3CC7F9A6E}" upi2="{88711936-A089-3C91-988F-441E050F3E46}"/>
    <Package external="false" installAs="core" name="AutoCAD Shared 2025" path="x64/acadshared/pkg.acadshared.xml" upgradeCode="{FF5F13D3-1692-3DF4-90CB-21888987B5C5}" upi2="{49B29509-57BA-366F-84CE-27D1E6D14B83}"/>
    <Package external="true" installAs="core" name="Microsoft Visual C++ 2015-2022 Redistributable (x86)" path="3rdParty/x86/VCRedist/2022/pkg.vcredist2022x86.xml" upgradeCode="{B0E1CD72-37C6-46CA-86EE-ED57F9D014E6}" upi2="{2CEECBFA-DEFD-4230-9646-72810FC45CB6}"/>
    <Package external="true" installAs="core" name="Microsoft Visual C++ 2015-2022 Redistributable (x64)" path="3rdParty/x64/VCRedist/2022/pkg.vcredist2022x64.xml" upgradeCode="{599FAF62-5786-4D71-B461-6CC013D3F045}" upi2="{B8384B24-6173-4F61-9875-95C91ACF5525}"/>
    <Package external="true" installAs="core" name=".NET Windows Desktop Runtime 8.0.0 (x64)" path="3rdParty/x64/dotNet/80/pkg.dotnet80.xml" upgradeCode="{3C7FF67F-EF42-48E5-9BF9-F25798A51B7E}" upi2="{8326AD19-811B-41C4-8746-2AFE59AAB854}"/>
    <Package external="true" installAs="core" name=".NET Framework Runtime 4.8" path="3rdParty/dotNetFramework/48/pkg.dotnet48.xml" upgradeCode="{1EA91221-20E9-370E-8754-EAB3FA108D71}" upi2="{8A2C37AC-AD7E-3DF8-A22D-9DC8D45F7942}"/>
    <Package external="true" installAs="core" name="Microsoft ASP.NET Core Runtime 8.0.0 (x64)" path="3rdParty/x64/aspNetCore/80/pkg.aspnet80x64.xml" upgradeCode="{875FD6EE-BEDC-48DD-93A4-E41A047E7EC5}" upi2="{4CFC52B8-AD18-4FBA-8A98-4627B940D6C1}"/>
    <Package external="true" installAs="core" name="Microsoft Edge WebView2 Runtime Installer" path="3rdParty/x64/WebView2/pkg.webview2.xml" upgradeCode="{3370AB5E-FBC7-341A-85A3-07203A798518}" upi2="{785AA7CB-1833-3436-A7F1-A5C9D45AD28E}"/>
    <Package external="true" installAs="core" name="Autodesk Licensing Service - 14.0.0.10160 - Win - Update" path="x86/Licensing/pkg.licensing.xml" upgradeCode="{CF4527CE-7035-34B6-B1B7-634F7588D9DC}" upi2="{0401B45F-091C-3D47-B924-A1B6F3E6FFC3}"/>
    <Package external="true" installAs="core" name="Autodesk Identity Manager Component" path="x64/AdskIdentityManager/pkg.identity_manager.xml" upgradeCode="{450CBD12-1E14-3695-A4BD-F4DB32DC94E2}" upi2="{11FD7BD1-89C4-37FB-8532-23551BE62E96}"/>
    <Package external="true" installAs="core" name="Autodesk CER Service" path="x64/CER/pkg.cer.xml" upgradeCode="{10CCBFDC-3B28-375A-AF40-54C1A75DB309}" upi2="{F9F4F372-AB9C-4CFC-B436-D2707D333593}"/>
    <Package external="true" installAs="core" name="Windows Performance Toolkit" path="3rdParty/WPT/pkg.WPTx64-x86_en-us.xml" upgradeCode="{A8D446B4-7D67-EDC2-F826-CB980D1327C3}" upi2="{FD439F85-AD64-B3E5-9FC5-444AE8C8AF7B}"/>
    <Package external="true" installAs="core" name="ADP Desktop SDK" path="x64/AdpSdk/pkg.adp-desktop-sdk.xml" upgradeCode="{6F9B83D2-E570-3AF0-ABFE-948641FF0226}" upi2="{2D5CBF31-1344-39A5-B248-273531333480}"/>
    <Package external="true" installAs="core" name="Autodesk Material Library Base Resolution Image Library 4" path="Content/ADSKMaterials/ILB/pkg.BaseImageLibrary4.xml" upgradeCode="{9798C662-A0A8-3034-82FF-D67CC6DF34E8}" upi2="{F8AA36A8-02CD-31BF-AA5B-DE5AD3922635}"/>
    <Package external="true" installAs="core" name="Autodesk Material Library 4" path="Content/ADSKMaterials/CM/pkg.MaterialLibrary4.xml" upgradeCode="{1BFF436D-6EE3-367D-998E-F66E7F14EBB1}" upi2="{4D3C08E7-12E9-37D9-87CD-0B06509709C1}"/>
  </Dependencies>
  <Payload sizePacked="1533608" sizeUnpacked="6145356">
    <File checkSum="85C6E181AEE2A65C065FE254604601B19E4769DF57E9847AD2C2CB6E5B7091A3" sizePacked="1533608" sizeUnpacked="6145356">NetSWDLD/ODIS/prd/2025/ACD/6B0CEC3E-4E4D-40E8-9BEA-D1F3708ED5B8/pkg.acadprivate0.tar.xz</File>
  </Payload>
</Package>
