<?xml version="1.0" encoding="UTF-8" standalone="yes"?>
<Application version="1.0" xsi:schemaLocation="https://emsfs.autodesk.com/schema/manifest/1/0 https://emsfs.autodesk.com/schema/manifest/1/0/manifest.xsd" xmlns="https://emsfs.autodesk.com/schema/manifest/1/0" xmlns:xsi="http://www.w3.org/2001/XMLSchema-instance">
    <Identity>
        <Publisher>Autodesk, Inc.</Publisher>
        <DisplayName>AutoCAD Architecture 2025</DisplayName>
        <PLC>ARCHDESK</PLC>
        <Release>2025</Release>
        <BuildNumber>8.7.49.0</BuildNumber>
        <UPI2>{C1B69CF3-D0D4-30B9-8891-0A5C3D96B961}</UPI2>
        <UpgradeCode>{E51E77A7-392C-3267-8D2D-E0D761DBFB79}</UpgradeCode>
        <ConstantId>{95E9EDDC-676B-685B-DDDC-F36A87F190D0}</ConstantId>
        <Signature>ZdwV0gLZPAQeEwbsW3nJb7KFf7SaodnqXJ7aOA1VhEU=</Signature>
    </Identity>
    <Resources>
        <LocalizedResources>SetupRes/locale/%setuplang%/aca.xml</LocalizedResources>
        <DeploymentConfig>manifest/app.aca.it-IT.ui.xml</DeploymentConfig>
        <Images>
            <Image id="ProductIconImage">SetupRes/branding/TopBanner.svg</Image>
            <Image id="ProductBrandImage">SetupRes/branding/AutoCAD.png</Image>
            <Image id="ProductLogoImage">SetupRes/icons/ACA.ico</Image>
            <Image id="ProductARPIcon">SetupRes/icons/ACA.ico</Image>
        </Images>
    </Resources>
    <Configuration>
        <Attributes/>
        <Platforms>
            <Platform name="Windows" architecture="x64" minVersion="10.0.17763" useNTVersion="true"/>
        </Platforms>
        <Languages>
            <Language langId="it-IT"></Language>
        </Languages>
    </Configuration>
    <Packages>
        <Package installAs="core" launchApp="true" name="AutoCAD Architecture 2025 - Italiano (Italian)" external="false" path="x64/it-IT/acaps/pkg.acaps.xml" upi2="{8C5CD38A-0E5E-41A7-A481-D9B0F8403DBB}" upgradeCode="{5B41C17A-DF6B-36D1-8C07-D15E88B67F27}"/>
        <Package installAs="core" name="ACA &amp; MEP 2025 Object Enabler" external="true" path="x64/acaoe/pkg.acaoe.xml" upi2="{56F468A8-928A-35F2-BE57-5E51EC91E52C}" upgradeCode="{5CA361FD-1BA7-3681-8C98-4FD433E682C0}"/>
        <Package installAs="core" name="Informazioni approfondite attività di AutoCAD" external="true" path="x64/dwggraph/pkg.dwggraph.xml" upi2="{E141F225-EF21-3CEF-BC97-FDEC03189517}" upgradeCode="{2D3CF5AD-D41B-3916-AB49-79A95A44995C}"/>
        <Package installAs="core" name="Sistemi di coordinate geospaziali" external="true" path="x64/spatialreference/pkg.spatialreference.xml" upi2="{51BC20D4-AABE-3DC9-BA09-693BC04CA7F1}" upgradeCode="{22A5788C-B847-3FFF-8E56-E960990A3572}"/>
        <Package installAs="essential" name="AutoCAD BlockIndexer 2025" external="true" path="x64/blockreplace/pkg.blockreplace.xml" upi2="{4B0B8A50-1760-322C-9DB7-C504ADA3880C}" upgradeCode="{B8F7160E-E899-3C13-9C26-95D31073A319}"/>
        <Package installAs="essential" name="Salva su Autodesk Web &amp; Mobile" external="true" path="x64/savetowebandmobile/pkg.autodesksavetowebandmobile.xml" upi2="{87798A9F-4B94-49F7-BF19-2777977A459B}" upgradeCode="{5EB6C9BD-AC17-3DDB-95B2-CD68D564EDA8}"/>
        <Package installAs="optional" name="Autodesk Genuine Service" external="true" path="x64/AGS/pkg.AGS.xml" upi2="{5752D348-EB45-4BF3-9682-1D13270DB864}" upgradeCode="{9759EED3-17FB-3F78-9BEF-35EA8A679AC5}"/>
        <Package installAs="essential" name="Autodesk App Manager" external="true" path="x64/appmanager/pkg.autodeskappmanager.xml" upi2="{572EDC2F-9CE9-4D8D-BD45-5CD49408D6BC}" upgradeCode="{927090DB-D52C-3D77-81E2-1377C5485853}"/>
        <Package installAs="essential" name="Applicazioni disponibili di Autodesk" external="true" path="x64/featuredapps/pkg.autodeskfeaturedapps.xml" upi2="{6654CECB-E47F-4D2F-A0AC-A5DD81D1D832}" upgradeCode="{B7EF67A3-9682-3E23-A369-9FC99B083CB1}"/>
        <Package installAs="essential" name="AutoCAD Open in Desktop" external="true" path="x64/webfileopen/pkg.webfileopen.xml" upi2="{D592F06E-768C-4622-9524-5DDD1A3157B8}" upgradeCode="{6E8FAF8B-67F2-37C7-BF48-F00C14D1A2BC}"/>
        <Package installAs="essential" name="Autodesk Interoperability Engine Manager" external="true" path="x64/HIVE/pkg.hive.xml" upi2="{AB188684-AB71-48DF-BC46-FEAAD1F230F2}" upgradeCode="{DC7A5FA4-8F9E-3D2A-81BC-2940DE30B370}"/>
        <Package installAs="core" name="Programma di installazione di Autodesk" external="true" path="ODIS/pkg.odis.xml" upi2="{3108B9DA-F32D-36DD-BCC0-7018E7919376}" upgradeCode="{FFBE9067-BD34-3059-9A5F-D07D3AFBDA6B}"/>
        <Package installAs="essential" name="Autodesk Access" external="true" path="x64/Access/pkg.access.xml" upi2="{7DBDAD2B-CA6A-3162-8C55-0FEC17BF95A8}" upgradeCode="{A3158B3E-5F28-358A-BF1A-9532D8EBC811}"/>
    </Packages>
    <Payload sizePacked="571064" sizeUnpacked="925915">
        <File checkSum="73512C909B9672CB54BEFE9C4C0FAF03D9DB621797DCE1A317BEE2627D75406E" sizePacked="571064" sizeUnpacked="925915">NetSWDLD/ODIS/prd/2025/ARCHDESK/C1B69CF3-D0D4-30B9-8891-0A5C3D96B961/app.aca.it-it.tar.xz</File>
    </Payload>
</Application>
